MP000147 Nur Hanani Binti Muhammed Ali (Manpower),MP000147 Nur Hanani Binti Muhammed Ali (Manpower),NPL,0,2018-01-04,00:00:00,00:00:00,0.00,0,0,0,0,0,0,0,0,0,"Absent",,1
MP000147 Nur Hanani Binti Muhammed Ali (Manpower),MP000147 Nur Hanani Binti Muhammed Ali (Manpower),NPL,1,2018-01-05,00:00:00,00:00:00,0.00,0,0,0,0,0,0,0,0,0,"Absent",,1
MP000147 Nur Hanani Binti Muhammed Ali (Manpower),MP000147 Nur Hanani Binti Muhammed Ali (Manpower),OD,2,2018-01-06,00:00:00,00:00:00,0.00,0,0,0,0,0,0,0,0,0,"Off Day",,1
MP000147 Nur Hanani Binti Muhammed Ali (Manpower),MP000147 Nur Hanani Binti Muhammed Ali (Manpower),RD,3,2018-01-07,00:00:00,00:00:00,0.00,0,0,0,0,0,0,0,0,0,"Rest Day",,1
MP000147 Nur Hanani Binti Muhammed Ali (Manpower),MP000147 Nur Hanani Binti Muhammed Ali (Manpower),NPL,4,2018-01-08,00:00:00,00:00:00,0.00,0,0,0,0,0,0,0,0,0,"Absent",,1
MP000147 Nur Hanani Binti Muhammed Ali (Manpower),MP000147 Nur Hanani Binti Muhammed Ali (Manpower),NPL,5,2018-01-09,00:00:00,00:00:00,0.00,0,0,0,0,0,0,0,0,0,"Absent",,1
MP000147 Nur Hanani Binti Muhammed Ali (Manpower),MP000147 Nur Hanani Binti Muhammed Ali (Manpower),NPL,6,2018-01-10,00:00:00,00:00:00,0.00,0,0,0,0,0,0,0,0,0,"Absent",,1
MP000147 Nur Hanani Binti Muhammed Ali (Manpower),MP000147 Nur Hanani Binti Muhammed Ali (Manpower),NPL,7,2018-01-11,00:00:00,00:00:00,0.00,0,0,0,0,0,0,0,0,0,"Absent",,1
MP000147 Nur Hanani Binti Muhammed Ali (Manpower),MP000147 Nur Hanani Binti Muhammed Ali (Manpower),NPL,8,2018-01-12,00:00:00,00:00:00,0.00,0,0,0,0,0,0,0,0,0,"Absent",,1
MP000147 Nur Hanani Binti Muhammed Ali (Manpower),MP000147 Nur Hanani Binti Muhammed Ali (Manpower),OD,9,2018-01-13,00:00:00,00:00:00,0.00,0,0,0,0,0,0,0,0,0,"Off Day",,1
MP000147 Nur Hanani Binti Muhammed Ali (Manpower),MP000147 Nur Hanani Binti Muhammed Ali (Manpower),RD,10,2018-01-14,00:00:00,00:00:00,0.00,0,0,0,0,0,0,0,0,0,"Rest Day",,1
MP000147 Nur Hanani Binti Muhammed Ali (Manpower),MP000147 Nur Hanani Binti Muhammed Ali (Manpower),NPL,11,2018-01-15,00:00:00,00:00:00,0.00,0,0,0,0,0,0,0,0,0,"Absent",,1
MP000147 Nur Hanani Binti Muhammed Ali (Manpower),MP000147 Nur Hanani Binti Muhammed Ali (Manpower),NPL,12,2018-01-16,00:00:00,00:00:00,0.00,0,0,0,0,0,0,0,0,0,"Absent",,1
MP000147 Nur Hanani Binti Muhammed Ali (Manpower),MP000147 Nur Hanani Binti Muhammed Ali (Manpower),,13,2018-01-17,09:23:00,19:57:00,10.34,0,0,0,0,0,0,0,0,0,"",,1
MP000147 Nur Hanani Binti Muhammed Ali (Manpower),MP000147 Nur Hanani Binti Muhammed Ali (Manpower),,14,2018-01-18,09:03:00,19:46:00,10.43,0,0,0,0,0,0,0,0,0,"",,1
MP000147 Nur Hanani Binti Muhammed Ali (Manpower),MP000147 Nur Hanani Binti Muhammed Ali (Manpower),,15,2018-01-19,09:21:00,18:48:00,09.27,0,0,0,0,0,0,0,0,0,"",,1
MP000147 Nur Hanani Binti Muhammed Ali (Manpower),MP000147 Nur Hanani Binti Muhammed Ali (Manpower),OD,16,2018-01-20,00:00:00,00:00:00,0.00,0,0,0,0,0,0,0,0,0,"Off Day",,1
MP000147 Nur Hanani Binti Muhammed Ali (Manpower),MP000147 Nur Hanani Binti Muhammed Ali (Manpower),RD,17,2018-01-21,00:00:00,00:00:00,0.00,0,0,0,0,0,0,0,0,0,"Rest Day",,1
MP000147 Nur Hanani Binti Muhammed Ali (Manpower),MP000147 Nur Hanani Binti Muhammed Ali (Manpower),NPL,18,2018-01-22,00:00:00,00:00:00,0.00,0,0,0,0,0,0,0,0,0,"Absent",,1
MP000147 Nur Hanani Binti Muhammed Ali (Manpower),MP000147 Nur Hanani Binti Muhammed Ali (Manpower),,19,2018-01-23,09:13:00,20:07:00,10.54,0,0,0,0,0,0,0,0,0,"",,1
MP000147 Nur Hanani Binti Muhammed Ali (Manpower),MP000147 Nur Hanani Binti Muhammed Ali (Manpower),,20,2018-01-24,08:43:00,19:18:00,10.35,0,0,0,0,0,0,0,0,0,"",,1
MP000147 Nur Hanani Binti Muhammed Ali (Manpower),MP000147 Nur Hanani Binti Muhammed Ali (Manpower),,21,2018-01-25,09:00:00,19:07:00,10.07,0,0,0,0,0,0,0,0,0,"",,1
MP000147 Nur Hanani Binti Muhammed Ali (Manpower),MP000147 Nur Hanani Binti Muhammed Ali (Manpower),,22,2018-01-26,09:09:00,21:30:00,12.21,0,0,0,0,0,0,0,0,0,"",,1
MP000147 Nur Hanani Binti Muhammed Ali (Manpower),MP000147 Nur Hanani Binti Muhammed Ali (Manpower),OD,23,2018-01-27,00:00:00,00:00:00,0.00,0,0,0,0,0,0,0,0,0,"Off Day",,1
MP000147 Nur Hanani Binti Muhammed Ali (Manpower),MP000147 Nur Hanani Binti Muhammed Ali (Manpower),RD,24,2018-01-28,00:00:00,00:00:00,0.00,0,0,0,0,0,0,0,0,0,"Rest Day",,1
MP000147 Nur Hanani Binti Muhammed Ali (Manpower),MP000147 Nur Hanani Binti Muhammed Ali (Manpower),,25,2018-01-29,09:12:00,20:08:00,10.56,0,0,0,0,0,0,0,0,0,"",,1
MP000147 Nur Hanani Binti Muhammed Ali (Manpower),MP000147 Nur Hanani Binti Muhammed Ali (Manpower),,26,2018-01-30,09:12:00,18:41:00,09.29,0,0,0,0,0,0,0,0,0,"",,1
MP000147 Nur Hanani Binti Muhammed Ali (Manpower),MP000147 Nur Hanani Binti Muhammed Ali (Manpower),NPL,27,2018-01-31,00:00:00,00:00:00,0.00,0,0,0,0,0,0,0,0,0,"Thaipusam",,1
MP000153 Chik Von Thai (Manpower),MP000153 Chik Von Thai (Manpower),NPL,0,2018-01-15,00:00:00,00:00:00,0.00,0,0,0,0,0,0,0,0,0,"Absent",,1
MP000153 Chik Von Thai (Manpower),MP000153 Chik Von Thai (Manpower),NPL,1,2018-01-16,00:00:00,00:00:00,0.00,0,0,0,0,0,0,0,0,0,"Absent",,1
MP000153 Chik Von Thai (Manpower),MP000153 Chik Von Thai (Manpower),,2,2018-01-17,09:13:00,18:43:00,09.30,0,0,0,0,0,0,0,0,0,"",,1
MP000153 Chik Von Thai (Manpower),MP000153 Chik Von Thai (Manpower),,3,2018-01-18,09:11:00,18:57:00,09.46,0,0,0,0,0,0,0,0,0,"",,1
MP000153 Chik Von Thai (Manpower),MP000153 Chik Von Thai (Manpower),,4,2018-01-19,09:13:00,18:45:00,09.32,0,0,0,0,0,0,0,0,0,"",,1
MP000153 Chik Von Thai (Manpower),MP000153 Chik Von Thai (Manpower),OD,5,2018-01-20,00:00:00,00:00:00,0.00,0,0,0,0,0,0,0,0,0,"Off Day",,1
MP000153 Chik Von Thai (Manpower),MP000153 Chik Von Thai (Manpower),RD,6,2018-01-21,00:00:00,00:00:00,0.00,0,0,0,0,0,0,0,0,0,"Rest Day",,1
MP000153 Chik Von Thai (Manpower),MP000153 Chik Von Thai (Manpower),,7,2018-01-22,09:05:00,20:28:00,11.23,0,0,0,0,0,0,0,0,0,"",,1
MP000153 Chik Von Thai (Manpower),MP000153 Chik Von Thai (Manpower),,8,2018-01-23,09:11:00,18:44:00,09.33,0,0,0,0,0,0,0,0,0,"",,1
MP000153 Chik Von Thai (Manpower),MP000153 Chik Von Thai (Manpower),,9,2018-01-24,09:04:00,18:57:00,09.53,0,0,0,0,0,0,0,0,0,"",,1
MP000153 Chik Von Thai (Manpower),MP000153 Chik Von Thai (Manpower),,10,2018-01-25,09:10:00,18:44:00,09.34,0,0,0,0,0,0,0,0,0,"",,1
MP000153 Chik Von Thai (Manpower),MP000153 Chik Von Thai (Manpower),,11,2018-01-26,09:05:00,19:22:00,10.17,0,0,0,0,0,0,0,0,0,"",,1
MP000153 Chik Von Thai (Manpower),MP000153 Chik Von Thai (Manpower),OD,12,2018-01-27,00:00:00,00:00:00,0.00,0,0,0,0,0,0,0,0,0,"Off Day",,1
MP000153 Chik Von Thai (Manpower),MP000153 Chik Von Thai (Manpower),RD,13,2018-01-28,00:00:00,00:00:00,0.00,0,0,0,0,0,0,0,0,0,"Rest Day",,1
MP000153 Chik Von Thai (Manpower),MP000153 Chik Von Thai (Manpower),,14,2018-01-29,09:11:00,19:08:00,09.57,0,0,0,0,0,0,0,0,0,"",,1
MP000153 Chik Von Thai (Manpower),MP000153 Chik Von Thai (Manpower),,15,2018-01-30,09:08:00,19:01:00,09.53,0,0,0,0,0,0,0,0,0,"",,1
MP000153 Chik Von Thai (Manpower),MP000153 Chik Von Thai (Manpower),NPL,16,2018-01-31,00:00:00,00:00:00,0.00,0,0,0,0,0,0,0,0,0,"Thaipusam",,1
200141523,100131071,NPL,0,2018-01-01,00:00:00,00:00:00,0.00,0,0,0,0,0,0,0,0,0,"New Year Day",,1
200141523,100131071,AL,1,2018-01-02,00:00:00,00:00:00,0.0,0,0,0,0,0,0,0,0,0,"UK Trip.
Changed previously approved leave to another date.
Previous date: 29 Dec - 5 Jan 
New date: 2 Jan - 8 Jan",FULL DAY,1
200141523,100131071,AL,2,2018-01-03,00:00:00,00:00:00,0.0,0,0,0,0,0,0,0,0,0,"UK Trip.
Changed previously approved leave to another date.
Previous date: 29 Dec - 5 Jan 
New date: 2 Jan - 8 Jan",FULL DAY,1
200141523,100131071,AL,3,2018-01-04,00:00:00,00:00:00,0.0,0,0,0,0,0,0,0,0,0,"UK Trip.
Changed previously approved leave to another date.
Previous date: 29 Dec - 5 Jan 
New date: 2 Jan - 8 Jan",FULL DAY,1
200141523,100131071,AL,4,2018-01-05,00:00:00,00:00:00,0.0,0,0,0,0,0,0,0,0,0,"UK Trip.
Changed previously approved leave to another date.
Previous date: 29 Dec - 5 Jan 
New date: 2 Jan - 8 Jan",FULL DAY,1
200141523,100131071,AL,5,2018-01-06,00:00:00,00:00:00,0.0,0,0,0,0,0,0,0,0,0,"UK Trip.
Changed previously approved leave to another date.
Previous date: 29 Dec - 5 Jan 
New date: 2 Jan - 8 Jan",FULL DAY,1
200141523,100131071,AL,6,2018-01-07,00:00:00,00:00:00,0.0,0,0,0,0,0,0,0,0,0,"UK Trip.
Changed previously approved leave to another date.
Previous date: 29 Dec - 5 Jan 
New date: 2 Jan - 8 Jan",FULL DAY,1
200141523,100131071,AL,7,2018-01-08,00:00:00,00:00:00,0.0,0,0,0,0,0,0,0,0,0,"UK Trip.
Changed previously approved leave to another date.
Previous date: 29 Dec - 5 Jan 
New date: 2 Jan - 8 Jan",FULL DAY,1
200141523,100131071,,8,2018-01-09,08:14:00,17:25:00,09.11,0,0,0,0,0,0,0,0,0,"",,1
200141523,100131071,,9,2018-01-10,09:29:00,18:31:00,09.02,0,0,0,0,0,0,0,0,0,"",,1
200141523,100131071,,10,2018-01-11,08:47:00,12:38:00,03.51,0,0,0,0,0,0,0,0,0,"",,1
200141523,100131071,NPL,11,2018-01-12,00:00:00,00:00:00,0.00,0,0,0,0,0,0,0,0,0,"Absent",,1
200141523,100131071,OD,12,2018-01-13,00:00:00,00:00:00,0.00,0,0,0,0,0,0,0,0,0,"Off Day",,1
200141523,100131071,RD,13,2018-01-14,00:00:00,00:00:00,0.00,0,0,0,0,0,0,0,0,0,"Rest Day",,1
200141523,100131071,,14,2018-01-15,09:01:00,18:18:00,09.17,0,0,0,0,0,0,0,0,0,"",,1
200141523,100131071,,15,2018-01-16,08:05:00,17:11:00,09.06,0,0,0,0,0,0,0,0,0,"",,1
200141523,100131071,,16,2018-01-17,09:27:00,19:03:00,09.36,0,0,0,0,0,0,0,0,0,"",,1
200141523,100131071,,17,2018-01-18,08:15:00,17:16:00,09.01,0,0,0,0,0,0,0,0,0,"",,1
200141523,100131071,NPL,18,2018-01-19,00:00:00,00:00:00,0.00,0,0,0,0,0,0,0,0,0,"Absent",,1
200141523,100131071,OD,19,2018-01-20,00:00:00,00:00:00,0.00,0,0,0,0,0,0,0,0,0,"Off Day",,1
200141523,100131071,RD,20,2018-01-21,00:00:00,00:00:00,0.00,0,0,0,0,0,0,0,0,0,"Rest Day",,1
200141523,100131071,,21,2018-01-22,09:20:00,20:07:00,10.47,0,0,0,0,0,0,0,0,0,"",,1
200141523,100131071,,22,2018-01-23,08:52:00,17:57:00,09.05,0,0,0,0,0,0,0,0,0,"",,1
200141523,100131071,,23,2018-01-24,08:24:00,19:22:00,10.58,0,0,0,0,0,0,0,0,0,"",,1
200141523,100131071,,24,2018-01-25,09:17:00,18:06:00,08.49,0,0,0,0,0,0,0,0,0,"",,1
200141523,100131071,,25,2018-01-26,08:12:00,17:17:00,09.05,0,0,0,0,0,0,0,0,0,"",,1
200141523,100131071,OD,26,2018-01-27,00:00:00,00:00:00,0.00,0,0,0,0,0,0,0,0,0,"Off Day",,1
200141523,100131071,RD,27,2018-01-28,00:00:00,00:00:00,0.00,0,0,0,0,0,0,0,0,0,"Rest Day",,1
200141523,100131071,,28,2018-01-29,08:34:00,19:20:00,10.46,0,0,0,0,0,0,0,0,0,"",,1
200141523,100131071,,29,2018-01-30,08:25:00,17:25:00,09.00,0,0,0,0,0,0,0,0,0,"",,1
200141523,100131071,NPL,30,2018-01-31,00:00:00,00:00:00,0.00,0,0,0,0,0,0,0,0,0,"Thaipusam",,1
200142297,100132020,NPL,0,2018-01-01,00:00:00,00:00:00,0.00,0,0,0,0,0,0,0,0,0,"New Year Day",,1
200142297,100132020,NPL,1,2018-01-02,00:00:00,00:00:00,0.00,0,0,0,0,0,0,0,0,0,"Absent",,1
200142297,100132020,,2,2018-01-03,08:23:00,19:09:00,10.46,0,0,0,0,0,0,0,0,0,"",,1
200142297,100132020,,3,2018-01-04,08:27:00,19:50:00,11.23,0,0,0,0,0,0,0,0,0,"",,1
200142297,100132020,,4,2018-01-05,08:57:00,14:09:00,05.12,0,0,0,0,0,0,0,0,0,"",,1
200142297,100132020,OD,5,2018-01-06,00:00:00,00:00:00,0.00,0,0,0,0,0,0,0,0,0,"Off Day",,1
200142297,100132020,RD,6,2018-01-07,00:00:00,00:00:00,0.00,0,0,0,0,0,0,0,0,0,"Rest Day",,1
200142297,100132020,NPL,7,2018-01-08,00:00:00,00:00:00,0.00,0,0,0,0,0,0,0,0,0,"Absent",,1
200142297,100132020,,8,2018-01-09,08:34:00,20:51:00,12.17,0,0,0,0,0,0,0,0,0,"",,1
200142297,100132020,,9,2018-01-10,08:34:00,20:23:00,11.49,0,0,0,0,0,0,0,0,0,"",,1
200142297,100132020,,10,2018-01-11,08:29:00,20:07:00,11.38,0,0,0,0,0,0,0,0,0,"",,1
200142297,100132020,,11,2018-01-12,08:44:00,20:13:00,11.29,0,0,0,0,0,0,0,0,0,"",,1
200142297,100132020,OD,12,2018-01-13,00:00:00,00:00:00,0.00,0,0,0,0,0,0,0,0,0,"Off Day",,1
200142297,100132020,RD,13,2018-01-14,00:00:00,00:00:00,0.00,0,0,0,0,0,0,0,0,0,"Rest Day",,1
200142297,100132020,,14,2018-01-15,08:31:00,18:28:00,09.57,0,0,0,0,0,0,0,0,0,"",,1
200142297,100132020,,15,2018-01-16,08:38:00,22:43:00,14.05,0,0,0,0,0,0,0,0,0,"",,1
200142297,100132020,,16,2018-01-17,14:30:00,20:58:00,06.28,0,0,0,0,0,0,0,0,0,"",,1
200142297,100132020,,17,2018-01-18,08:07:00,21:20:00,13.13,0,0,0,0,0,0,0,0,0,"",,1
200142297,100132020,,18,2018-01-19,08:20:00,19:45:00,11.25,0,0,0,0,0,0,0,0,0,"",,1
200142297,100132020,OD,19,2018-01-20,00:00:00,00:00:00,0.00,0,0,0,0,0,0,0,0,0,"Off Day",,1
200142297,100132020,RD,20,2018-01-21,00:00:00,00:00:00,0.00,0,0,0,0,0,0,0,0,0,"Rest Day",,1
200142297,100132020,,21,2018-01-22,08:33:00,20:29:00,11.56,0,0,0,0,0,0,0,0,0,"",,1
200142297,100132020,,22,2018-01-23,08:47:00,20:00:00,11.13,0,0,0,0,0,0,0,0,0,"",,1
200142297,100132020,,23,2018-01-24,08:39:00,21:04:00,12.25,0,0,0,0,0,0,0,0,0,"",,1
200142297,100132020,,24,2018-01-25,08:16:00,20:49:00,12.33,0,0,0,0,0,0,0,0,0,"",,1
200142297,100132020,,25,2018-01-26,08:32:00,20:28:00,11.56,0,0,0,0,0,0,0,0,0,"",,1
200142297,100132020,OD,26,2018-01-27,00:00:00,00:00:00,0.00,0,0,0,0,0,0,0,0,0,"Off Day",,1
200142297,100132020,RD,27,2018-01-28,00:00:00,00:00:00,0.00,0,0,0,0,0,0,0,0,0,"Rest Day",,1
200142297,100132020,,28,2018-01-29,08:26:00,20:45:00,12.19,0,0,0,0,0,0,0,0,0,"",,1
200142297,100132020,,29,2018-01-30,08:15:00,21:55:00,13.40,0,0,0,0,0,0,0,0,0,"",,1
200142297,100132020,NPL,30,2018-01-31,00:00:00,00:00:00,0.00,0,0,0,0,0,0,0,0,0,"Thaipusam",,1
200143922,100132838,NPL,0,2018-01-01,00:00:00,00:00:00,0.00,0,0,0,0,0,0,0,0,0,"New Year Day",,1
200143922,100132838,,1,2018-01-02,08:21:00,17:22:00,09.01,0,0,0,0,0,0,0,0,0,"",,1
200143922,100132838,,2,2018-01-03,08:41:00,17:48:00,09.07,0,0,0,0,0,0,0,0,0,"",,1
200143922,100132838,,3,2018-01-04,09:24:00,18:48:00,09.24,0,0,0,0,0,0,0,0,0,"",,1
200143922,100132838,,4,2018-01-05,08:54:00,23:51:00,14.57,0,0,0,0,0,0,0,0,0,"",,1
200143922,100132838,OD,5,2018-01-06,11:45:00,12:57:00,01.12,0,0,0,0,0,0,0,0,0,"Off Day",,1
200143922,100132838,RD,6,2018-01-07,00:00:00,00:00:00,0.00,0,0,0,0,0,0,0,0,0,"Rest Day",,1
200143922,100132838,,7,2018-01-08,09:24:00,18:27:00,09.03,0,0,0,0,0,0,0,0,0,"",,1
200143922,100132838,,8,2018-01-09,09:16:00,18:20:00,09.04,0,0,0,0,0,0,0,0,0,"",,1
200143922,100132838,,9,2018-01-10,09:30:00,18:39:00,09.09,0,0,0,0,0,0,0,0,0,"",,1
200143922,100132838,,10,2018-01-11,08:57:00,18:37:00,09.40,0,0,0,0,0,0,0,0,0,"",,1
200143922,100132838,,11,2018-01-12,08:34:00,17:36:00,09.02,0,0,0,0,0,0,0,0,0,"",,1
200143922,100132838,OD,12,2018-01-13,00:00:00,00:00:00,0.00,0,0,0,0,0,0,0,0,0,"Off Day",,1
200143922,100132838,RD,13,2018-01-14,00:00:00,00:00:00,0.00,0,0,0,0,0,0,0,0,0,"Rest Day",,1
200143922,100132838,,14,2018-01-15,08:38:00,17:42:00,09.04,0,0,0,0,0,0,0,0,0,"",,1
200143922,100132838,,15,2018-01-16,08:42:00,17:17:00,08.35,0,0,0,0,0,0,0,0,0,"",,1
200143922,100132838,,16,2018-01-17,07:46:00,16:56:00,09.10,0,0,0,0,0,0,0,0,0,"",,1
200143922,100132838,,17,2018-01-18,08:08:00,16:32:00,08.24,0,0,0,0,0,0,0,0,0,"",,1
200143922,100132838,,18,2018-01-19,07:50:00,16:51:00,09.01,0,0,0,0,0,0,0,0,0,"",,1
200143922,100132838,OD,19,2018-01-20,00:00:00,00:00:00,0.00,0,0,0,0,0,0,0,0,0,"Off Day",,1
200143922,100132838,RD,20,2018-01-21,00:00:00,00:00:00,0.00,0,0,0,0,0,0,0,0,0,"Rest Day",,1
200143922,100132838,,21,2018-01-22,08:24:00,16:51:00,08.27,0,0,0,0,0,0,0,0,0,"",,1
200143922,100132838,,22,2018-01-23,08:07:00,16:55:00,08.48,0,0,0,0,0,0,0,0,0,"",,1
200143922,100132838,,23,2018-01-24,07:56:00,16:58:00,09.02,0,0,0,0,0,0,0,0,0,"",,1
200143922,100132838,,24,2018-01-25,08:05:00,16:56:00,08.51,0,0,0,0,0,0,0,0,0,"",,1
200143922,100132838,,25,2018-01-26,07:54:00,17:51:00,09.57,0,0,0,0,0,0,0,0,0,"",,1
200143922,100132838,OD,26,2018-01-27,00:00:00,00:00:00,0.00,0,0,0,0,0,0,0,0,0,"Off Day",,1
200143922,100132838,RD,27,2018-01-28,00:00:00,00:00:00,0.00,0,0,0,0,0,0,0,0,0,"Rest Day",,1
200143922,100132838,,28,2018-01-29,08:53:00,20:59:00,12.06,0,0,0,0,0,0,0,0,0,"",,1
200143922,100132838,,29,2018-01-30,09:08:00,20:12:00,11.04,0,0,0,0,0,0,0,0,0,"",,1
200143922,100132838,NPL,30,2018-01-31,00:00:00,00:00:00,0.00,0,0,0,0,0,0,0,0,0,"Thaipusam",,1
200142644,100132262,NPL,0,2018-01-01,00:00:00,00:00:00,0.00,0,0,0,0,0,0,0,0,0,"New Year Day",,1
200142644,100132262,,1,2018-01-02,07:58:00,18:44:00,10.46,0,0,0,0,0,0,0,0,0,"",,1
200142644,100132262,,2,2018-01-03,07:52:00,18:37:00,10.45,0,0,0,0,0,0,0,0,0,"",,1
200142644,100132262,,3,2018-01-04,07:33:00,18:28:00,10.55,0,0,0,0,0,0,0,0,0,"",,1
200142644,100132262,,4,2018-01-05,07:54:00,13:10:00,05.16,0,0,0,0,0,0,0,0,0,"",,1
200142644,100132262,OD,5,2018-01-06,00:00:00,00:00:00,0.00,0,0,0,0,0,0,0,0,0,"Off Day",,1
200142644,100132262,RD,6,2018-01-07,00:00:00,00:00:00,0.00,0,0,0,0,0,0,0,0,0,"Rest Day",,1
200142644,100132262,NPL,7,2018-01-08,00:00:00,00:00:00,0.00,0,0,0,0,0,0,0,0,0,"Absent",,1
200142644,100132262,,8,2018-01-09,08:10:00,19:04:00,10.54,0,0,0,0,0,0,0,0,0,"",,1
200142644,100132262,,9,2018-01-10,08:01:00,20:53:00,12.52,0,0,0,0,0,0,0,0,0,"",,1
200142644,100132262,,10,2018-01-11,08:02:00,18:49:00,10.47,0,0,0,0,0,0,0,0,0,"",,1
200142644,100132262,,11,2018-01-12,07:56:00,18:54:00,10.58,0,0,0,0,0,0,0,0,0,"",,1
200142644,100132262,OD,12,2018-01-13,00:00:00,00:00:00,0.00,0,0,0,0,0,0,0,0,0,"Off Day",,1
200142644,100132262,RD,13,2018-01-14,00:00:00,00:00:00,0.00,0,0,0,0,0,0,0,0,0,"Rest Day",,1
200142644,100132262,,14,2018-01-15,07:53:00,18:29:00,10.36,0,0,0,0,0,0,0,0,0,"",,1
200142644,100132262,,15,2018-01-16,07:38:00,19:23:00,11.45,0,0,0,0,0,0,0,0,0,"",,1
200142644,100132262,,16,2018-01-17,07:41:00,19:36:00,11.55,0,0,0,0,0,0,0,0,0,"",,1
200142644,100132262,,17,2018-01-18,07:46:00,13:01:00,05.15,0,0,0,0,0,0,0,0,0,"",,1
200142644,100132262,,18,2018-01-19,09:06:00,14:06:00,05.00,0,0,0,0,0,0,0,0,0,"",,1
200142644,100132262,OD,19,2018-01-20,00:00:00,00:00:00,0.00,0,0,0,0,0,0,0,0,0,"Off Day",,1
200142644,100132262,RD,20,2018-01-21,00:00:00,00:00:00,0.00,0,0,0,0,0,0,0,0,0,"Rest Day",,1
200142644,100132262,,21,2018-01-22,07:59:00,18:32:00,10.33,0,0,0,0,0,0,0,0,0,"",,1
200142644,100132262,,22,2018-01-23,07:55:00,18:57:00,11.02,0,0,0,0,0,0,0,0,0,"",,1
200142644,100132262,,23,2018-01-24,08:02:00,19:22:00,11.20,0,0,0,0,0,0,0,0,0,"",,1
200142644,100132262,,24,2018-01-25,07:51:00,19:39:00,11.48,0,0,0,0,0,0,0,0,0,"",,1
200142644,100132262,,25,2018-01-26,08:09:00,20:14:00,12.05,0,0,0,0,0,0,0,0,0,"",,1
200142644,100132262,OD,26,2018-01-27,00:00:00,00:00:00,0.00,0,0,0,0,0,0,0,0,0,"Off Day",,1
200142644,100132262,RD,27,2018-01-28,00:00:00,00:00:00,0.00,0,0,0,0,0,0,0,0,0,"Rest Day",,1
200142644,100132262,,28,2018-01-29,08:13:00,19:57:00,11.44,0,0,0,0,0,0,0,0,0,"",,1
200142644,100132262,,29,2018-01-30,07:42:00,23:31:00,15.49,0,0,0,0,0,0,0,0,0,"",,1
200142644,100132262,NPL,30,2018-01-31,00:00:00,00:00:00,0.00,0,0,0,0,0,0,0,0,0,"Thaipusam",,1
200142383,100132079,NPL,0,2018-01-01,00:00:00,00:00:00,0.00,0,0,0,0,0,0,0,0,0,"New Year Day",,1
200142383,100132079,,1,2018-01-02,07:41:00,17:49:00,10.08,0,0,0,0,0,0,0,0,0,"",,1
200142383,100132079,,2,2018-01-03,09:05:00,19:50:00,10.45,0,0,0,0,0,0,0,0,0,"",,1
200142383,100132079,,3,2018-01-04,09:27:00,18:55:00,09.28,0,0,0,0,0,0,0,0,0,"",,1
200142383,100132079,,4,2018-01-05,09:19:00,14:09:00,04.50,0,0,0,0,0,0,0,0,0,"",,1
200142383,100132079,OD,5,2018-01-06,00:00:00,00:00:00,0.00,0,0,0,0,0,0,0,0,0,"Off Day",,1
200142383,100132079,RD,6,2018-01-07,00:00:00,00:00:00,0.00,0,0,0,0,0,0,0,0,0,"Rest Day",,1
200142383,100132079,,7,2018-01-08,09:19:00,19:36:00,10.17,0,0,0,0,0,0,0,0,0,"",,1
200142383,100132079,,8,2018-01-09,08:04:00,18:35:00,10.31,0,0,0,0,0,0,0,0,0,"",,1
200142383,100132079,MC,9,2018-01-10,00:00:00,00:00:00,0.0,0,0,0,0,0,0,0,0,0,"",FULL DAY,1
200142383,100132079,,10,2018-01-11,08:59:00,18:07:00,09.08,0,0,0,0,0,0,0,0,0,"",,1
200142383,100132079,,11,2018-01-12,09:01:00,20:53:00,11.52,0,0,0,0,0,0,0,0,0,"",,1
200142383,100132079,OD,12,2018-01-13,00:00:00,00:00:00,0.00,0,0,0,0,0,0,0,0,0,"Off Day",,1
200142383,100132079,RD,13,2018-01-14,00:00:00,00:00:00,0.00,0,0,0,0,0,0,0,0,0,"Rest Day",,1
200142383,100132079,,14,2018-01-15,08:26:00,19:31:00,11.05,0,0,0,0,0,0,0,0,0,"",,1
200142383,100132079,,15,2018-01-16,09:14:00,00:15:00,15.01,0,0,0,0,0,0,0,0,0,"",,1
200142383,100132079,,16,2018-01-17,08:10:00,20:36:00,12.26,0,0,0,0,0,0,0,0,0,"",,1
200142383,100132079,,17,2018-01-18,09:24:00,19:47:00,10.23,0,0,0,0,0,0,0,0,0,"",,1
200142383,100132079,,18,2018-01-19,08:56:00,01:15:00,16.19,0,0,0,0,0,0,0,0,0,"",,1
200142383,100132079,OD,19,2018-01-20,00:00:00,00:00:00,0.00,0,0,0,0,0,0,0,0,0,"Off Day",,1
200142383,100132079,RD,20,2018-01-21,00:00:00,00:00:00,0.00,0,0,0,0,0,0,0,0,0,"Rest Day",,1
200142383,100132079,,21,2018-01-22,09:26:00,21:00:00,11.34,0,0,0,0,0,0,0,0,0,"",,1
200142383,100132079,,22,2018-01-23,09:10:00,22:18:00,13.08,0,0,0,0,0,0,0,0,0,"",,1
200142383,100132079,,23,2018-01-24,09:30:00,20:52:00,11.22,0,0,0,0,0,0,0,0,0,"",,1
200142383,100132079,,24,2018-01-25,09:17:00,19:12:00,09.55,0,0,0,0,0,0,0,0,0,"",,1
200142383,100132079,,25,2018-01-26,09:33:00,22:14:00,12.41,0,0,0,0,0,0,0,0,0,"",,1
200142383,100132079,OD,26,2018-01-27,00:00:00,00:00:00,0.00,0,0,0,0,0,0,0,0,0,"Off Day",,1
200142383,100132079,RD,27,2018-01-28,00:00:00,00:00:00,0.00,0,0,0,0,0,0,0,0,0,"Rest Day",,1
200142383,100132079,,28,2018-01-29,09:15:00,20:53:00,11.38,0,0,0,0,0,0,0,0,0,"",,1
200142383,100132079,,29,2018-01-30,09:24:00,23:42:00,14.18,0,0,0,0,0,0,0,0,0,"",,1
200142383,100132079,NPL,30,2018-01-31,00:00:00,00:00:00,0.00,0,0,0,0,0,0,0,0,0,"Thaipusam",,1
200143070,100132486,NPL,0,2018-01-01,00:00:00,00:00:00,0.00,0,0,0,0,0,0,0,0,0,"New Year Day",,1
200143070,100132486,NPL,1,2018-01-02,00:00:00,00:00:00,0.00,0,0,0,0,0,0,0,0,0,"Absent",,1
200143070,100132486,,2,2018-01-03,07:32:00,16:57:00,09.25,0,0,0,0,0,0,0,0,0,"",,1
200143070,100132486,,3,2018-01-04,07:36:00,16:44:00,09.08,0,0,0,0,0,0,0,0,0,"",,1
200143070,100132486,,4,2018-01-05,07:54:00,13:08:00,05.14,0,0,0,0,0,0,0,0,0,"",,1
200143070,100132486,OD,5,2018-01-06,00:00:00,00:00:00,0.00,0,0,0,0,0,0,0,0,0,"Off Day",,1
200143070,100132486,RD,6,2018-01-07,00:00:00,00:00:00,0.00,0,0,0,0,0,0,0,0,0,"Rest Day",,1
200143070,100132486,,7,2018-01-08,07:42:00,16:50:00,09.08,0,0,0,0,0,0,0,0,0,"",,1
200143070,100132486,,8,2018-01-09,07:33:00,18:06:00,10.33,0,0,0,0,0,0,0,0,0,"",,1
200143070,100132486,,9,2018-01-10,08:23:00,17:30:00,09.07,0,0,0,0,0,0,0,0,0,"",,1
200143070,100132486,,10,2018-01-11,07:59:00,17:02:00,09.03,0,0,0,0,0,0,0,0,0,"",,1
200143070,100132486,,11,2018-01-12,07:35:00,16:40:00,09.05,0,0,0,0,0,0,0,0,0,"",,1
200143070,100132486,OD,12,2018-01-13,00:00:00,00:00:00,0.00,0,0,0,0,0,0,0,0,0,"Off Day",,1
200143070,100132486,RD,13,2018-01-14,00:00:00,00:00:00,0.00,0,0,0,0,0,0,0,0,0,"Rest Day",,1
200143070,100132486,,14,2018-01-15,07:36:00,16:42:00,09.06,0,0,0,0,0,0,0,0,0,"",,1
200143070,100132486,,15,2018-01-16,07:35:00,16:45:00,09.10,0,0,0,0,0,0,0,0,0,"",,1
200143070,100132486,,16,2018-01-17,07:39:00,16:47:00,09.08,0,0,0,0,0,0,0,0,0,"",,1
200143070,100132486,,17,2018-01-18,07:44:00,16:48:00,09.04,0,0,0,0,0,0,0,0,0,"",,1
200143070,100132486,,18,2018-01-19,07:38:00,16:51:00,09.13,0,0,0,0,0,0,0,0,0,"",,1
200143070,100132486,OD,19,2018-01-20,00:00:00,00:00:00,0.00,0,0,0,0,0,0,0,0,0,"Off Day",,1
200143070,100132486,RD,20,2018-01-21,00:00:00,00:00:00,0.00,0,0,0,0,0,0,0,0,0,"Rest Day",,1
200143070,100132486,,21,2018-01-22,07:48:00,16:52:00,09.04,0,0,0,0,0,0,0,0,0,"",,1
200143070,100132486,,22,2018-01-23,07:50:00,16:54:00,09.04,0,0,0,0,0,0,0,0,0,"",,1
200143070,100132486,,23,2018-01-24,07:37:00,16:44:00,09.07,0,0,0,0,0,0,0,0,0,"",,1
200143070,100132486,,24,2018-01-25,07:42:00,16:49:00,09.07,0,0,0,0,0,0,0,0,0,"",,1
200143070,100132486,,25,2018-01-26,07:40:00,16:46:00,09.06,0,0,0,0,0,0,0,0,0,"",,1
200143070,100132486,OD,26,2018-01-27,00:00:00,00:00:00,0.00,0,0,0,0,0,0,0,0,0,"Off Day",,1
200143070,100132486,RD,27,2018-01-28,00:00:00,00:00:00,0.00,0,0,0,0,0,0,0,0,0,"Rest Day",,1
200143070,100132486,,28,2018-01-29,07:57:00,17:03:00,09.06,0,0,0,0,0,0,0,0,0,"",,1
200143070,100132486,,29,2018-01-30,07:56:00,16:59:00,09.03,0,0,0,0,0,0,0,0,0,"",,1
200143070,100132486,NPL,30,2018-01-31,00:00:00,00:00:00,0.00,0,0,0,0,0,0,0,0,0,"Thaipusam",,1
200141205,100131318,NPL,0,2018-01-01,00:00:00,00:00:00,0.00,0,0,0,0,0,0,0,0,0,"New Year Day",,1
200141205,100131318,,1,2018-01-02,08:26:00,19:46:00,11.20,0,0,0,0,0,0,0,0,0,"",,1
200141205,100131318,,2,2018-01-03,07:43:00,16:56:00,09.13,0,0,0,0,0,0,0,0,0,"",,1
200141205,100131318,NPL,3,2018-01-04,00:00:00,00:00:00,0.00,0,0,0,0,0,0,0,0,0,"Absent",,1
200141205,100131318,,4,2018-01-05,08:02:00,12:29:00,04.27,0,0,0,0,0,0,0,0,0,"",,1
200141205,100131318,OD,5,2018-01-06,00:00:00,00:00:00,0.00,0,0,0,0,0,0,0,0,0,"Off Day",,1
200141205,100131318,RD,6,2018-01-07,00:00:00,00:00:00,0.00,0,0,0,0,0,0,0,0,0,"Rest Day",,1
200141205,100131318,,7,2018-01-08,09:39:00,20:36:00,10.57,0,0,0,0,0,0,0,0,0,"",,1
200141205,100131318,,8,2018-01-09,09:25:00,20:09:00,10.44,0,0,0,0,0,0,0,0,0,"",,1
200141205,100131318,,9,2018-01-10,08:16:00,19:31:00,11.15,0,0,0,0,0,0,0,0,0,"",,1
200141205,100131318,,10,2018-01-11,09:10:00,20:28:00,11.18,0,0,0,0,0,0,0,0,0,"",,1
200141205,100131318,,11,2018-01-12,07:22:00,16:30:00,09.08,0,0,0,0,0,0,0,0,0,"",,1
200141205,100131318,OD,12,2018-01-13,00:00:00,00:00:00,0.00,0,0,0,0,0,0,0,0,0,"Off Day",,1
200141205,100131318,RD,13,2018-01-14,00:00:00,00:00:00,0.00,0,0,0,0,0,0,0,0,0,"Rest Day",,1
200141205,100131318,,14,2018-01-15,09:00:00,19:33:00,10.33,0,0,0,0,0,0,0,0,0,"",,1
200141205,100131318,,15,2018-01-16,06:52:00,16:31:00,09.39,0,0,0,0,0,0,0,0,0,"",,1
200141205,100131318,,16,2018-01-17,08:26:00,17:49:00,09.23,0,0,0,0,0,0,0,0,0,"",,1
200141205,100131318,,17,2018-01-18,07:22:00,16:33:00,09.11,0,0,0,0,0,0,0,0,0,"",,1
200141205,100131318,,18,2018-01-19,09:02:00,18:10:00,09.08,0,0,0,0,0,0,0,0,0,"",,1
200141205,100131318,OD,19,2018-01-20,00:00:00,00:00:00,0.00,0,0,0,0,0,0,0,0,0,"Off Day",,1
200141205,100131318,RD,20,2018-01-21,00:00:00,00:00:00,0.00,0,0,0,0,0,0,0,0,0,"Rest Day",,1
200141205,100131318,,21,2018-01-22,09:18:00,18:25:00,09.07,0,0,0,0,0,0,0,0,0,"",,1
200141205,100131318,,22,2018-01-23,08:25:00,17:30:00,09.05,0,0,0,0,0,0,0,0,0,"",,1
200141205,100131318,,23,2018-01-24,07:37:00,16:43:00,09.06,0,0,0,0,0,0,0,0,0,"",,1
200141205,100131318,NPL,24,2018-01-25,00:00:00,00:00:00,0.00,0,0,0,0,0,0,0,0,0,"Absent",,1
200141205,100131318,NPL,25,2018-01-26,00:00:00,00:00:00,0.00,0,0,0,0,0,0,0,0,0,"Absent",,1
200141205,100131318,OD,26,2018-01-27,00:00:00,00:00:00,0.00,0,0,0,0,0,0,0,0,0,"Off Day",,1
200141205,100131318,RD,27,2018-01-28,00:00:00,00:00:00,0.00,0,0,0,0,0,0,0,0,0,"Rest Day",,1
200141205,100131318,,28,2018-01-29,07:39:00,16:42:00,09.03,0,0,0,0,0,0,0,0,0,"",,1
200141205,100131318,NPL,29,2018-01-30,00:00:00,00:00:00,0.00,0,0,0,0,0,0,0,0,0,"Absent",,1
200141205,100131318,,30,2018-01-31,08:43:00,17:44:00,09.01,0,0,0,0,0,0,0,0,0,"Thaipusam",,1
200141919,100131841,NPL,0,2018-01-01,00:00:00,00:00:00,0.00,0,0,0,0,0,0,0,0,0,"New Year Day",,1
200141919,100131841,,1,2018-01-02,08:37:00,19:14:00,10.37,0,0,0,0,0,0,0,0,0,"",,1
200141919,100131841,,2,2018-01-03,09:00:00,18:46:00,09.46,0,0,0,0,0,0,0,0,0,"",,1
200141919,100131841,,3,2018-01-04,08:27:00,18:20:00,09.53,0,0,0,0,0,0,0,0,0,"",,1
200141919,100131841,,4,2018-01-05,09:13:00,12:55:00,03.42,0,0,0,0,0,0,0,0,0,"",,1
200141919,100131841,OD,5,2018-01-06,09:49:00,14:07:00,04.18,0,0,0,0,0,0,0,0,0,"Off Day",,1
200141919,100131841,RD,6,2018-01-07,00:00:00,00:00:00,0.00,0,0,0,0,0,0,0,0,0,"Rest Day",,1
200141919,100131841,,7,2018-01-08,09:19:00,18:45:00,09.26,0,0,0,0,0,0,0,0,0,"",,1
200141919,100131841,,8,2018-01-09,09:14:00,18:26:00,09.12,0,0,0,0,0,0,0,0,0,"",,1
200141919,100131841,,9,2018-01-10,09:00:00,20:21:00,11.21,0,0,0,0,0,0,0,0,0,"",,1
200141919,100131841,,10,2018-01-11,07:39:00,20:37:00,12.58,0,0,0,0,0,0,0,0,0,"",,1
200141919,100131841,,11,2018-01-12,08:40:00,19:20:00,10.40,0,0,0,0,0,0,0,0,0,"",,1
200141919,100131841,OD,12,2018-01-13,00:00:00,00:00:00,0.00,0,0,0,0,0,0,0,0,0,"Off Day",,1
200141919,100131841,RD,13,2018-01-14,00:00:00,00:00:00,0.00,0,0,0,0,0,0,0,0,0,"Rest Day",,1
200141919,100131841,,14,2018-01-15,08:22:00,19:23:00,11.01,0,0,0,0,0,0,0,0,0,"",,1
200141919,100131841,,15,2018-01-16,08:57:00,18:09:00,09.12,0,0,0,0,0,0,0,0,0,"",,1
200141919,100131841,,16,2018-01-17,09:05:00,18:09:00,09.04,0,0,0,0,0,0,0,0,0,"",,1
200141919,100131841,,17,2018-01-18,09:05:00,20:26:00,11.21,0,0,0,0,0,0,0,0,0,"",,1
200141919,100131841,,18,2018-01-19,08:42:00,18:40:00,09.58,0,0,0,0,0,0,0,0,0,"",,1
200141919,100131841,OD,19,2018-01-20,11:29:00,19:39:00,08.10,0,0,0,0,0,0,0,0,0,"Off Day",,1
200141919,100131841,RD,20,2018-01-21,00:00:00,00:00:00,0.00,0,0,0,0,0,0,0,0,0,"Rest Day",,1
200141919,100131841,,21,2018-01-22,08:18:00,20:16:00,11.58,0,0,0,0,0,0,0,0,0,"",,1
200141919,100131841,,22,2018-01-23,09:13:00,19:16:00,10.03,0,0,0,0,0,0,0,0,0,"",,1
200141919,100131841,,23,2018-01-24,08:20:00,18:55:00,10.35,0,0,0,0,0,0,0,0,0,"",,1
200141919,100131841,,24,2018-01-25,09:25:00,19:02:00,09.37,0,0,0,0,0,0,0,0,0,"",,1
200141919,100131841,,25,2018-01-26,08:47:00,19:23:00,10.36,0,0,0,0,0,0,0,0,0,"",,1
200141919,100131841,OD,26,2018-01-27,00:00:00,00:00:00,0.00,0,0,0,0,0,0,0,0,0,"Off Day",,1
200141919,100131841,RD,27,2018-01-28,00:00:00,00:00:00,0.00,0,0,0,0,0,0,0,0,0,"Rest Day",,1
200141919,100131841,,28,2018-01-29,09:30:00,19:44:00,10.14,0,0,0,0,0,0,0,0,0,"",,1
200141919,100131841,NPL,29,2018-01-30,00:00:00,00:00:00,0.00,0,0,0,0,0,0,0,0,0,"Absent",,1
200141919,100131841,NPL,30,2018-01-31,00:00:00,00:00:00,0.00,0,0,0,0,0,0,0,0,0,"Thaipusam",,1
200141509,100130426,NPL,0,2018-01-01,00:00:00,00:00:00,0.00,0,0,0,0,0,0,0,0,0,"New Year Day",,1
200141509,100130426,,1,2018-01-02,07:21:00,16:47:00,09.26,0,0,0,0,0,0,0,0,0,"",,1
200141509,100130426,,2,2018-01-03,07:19:00,17:16:00,09.57,0,0,0,0,0,0,0,0,0,"",,1
200141509,100130426,,3,2018-01-04,07:30:00,17:05:00,09.35,0,0,0,0,0,0,0,0,0,"",,1
200141509,100130426,,4,2018-01-05,07:04:00,13:04:00,06.00,0,0,0,0,0,0,0,0,0,"",,1
200141509,100130426,OD,5,2018-01-06,00:00:00,00:00:00,0.00,0,0,0,0,0,0,0,0,0,"Off Day",,1
200141509,100130426,RD,6,2018-01-07,00:00:00,00:00:00,0.00,0,0,0,0,0,0,0,0,0,"Rest Day",,1
200141509,100130426,,7,2018-01-08,07:29:00,17:38:00,10.09,0,0,0,0,0,0,0,0,0,"",,1
200141509,100130426,,8,2018-01-09,07:29:00,17:27:00,09.58,0,0,0,0,0,0,0,0,0,"",,1
200141509,100130426,,9,2018-01-10,07:28:00,17:30:00,10.02,0,0,0,0,0,0,0,0,0,"",,1
200141509,100130426,,10,2018-01-11,07:30:00,17:37:00,10.07,0,0,0,0,0,0,0,0,0,"",,1
200141509,100130426,,11,2018-01-12,07:04:00,18:29:00,11.25,0,0,0,0,0,0,0,0,0,"",,1
200141509,100130426,OD,12,2018-01-13,00:00:00,00:00:00,0.00,0,0,0,0,0,0,0,0,0,"Off Day",,1
200141509,100130426,RD,13,2018-01-14,00:00:00,00:00:00,0.00,0,0,0,0,0,0,0,0,0,"Rest Day",,1
200141509,100130426,,14,2018-01-15,07:26:00,18:18:00,10.52,0,0,0,0,0,0,0,0,0,"",,1
200141509,100130426,,15,2018-01-16,07:31:00,17:31:00,10.00,0,0,0,0,0,0,0,0,0,"",,1
200141509,100130426,,16,2018-01-17,07:21:00,17:09:00,09.48,0,0,0,0,0,0,0,0,0,"",,1
200141509,100130426,,17,2018-01-18,07:28:00,17:45:00,10.17,0,0,0,0,0,0,0,0,0,"",,1
200141509,100130426,,18,2018-01-19,07:29:00,16:45:00,09.16,0,0,0,0,0,0,0,0,0,"",,1
200141509,100130426,OD,19,2018-01-20,00:00:00,00:00:00,0.00,0,0,0,0,0,0,0,0,0,"Off Day",,1
200141509,100130426,RD,20,2018-01-21,00:00:00,00:00:00,0.00,0,0,0,0,0,0,0,0,0,"Rest Day",,1
200141509,100130426,,21,2018-01-22,07:19:00,18:12:00,10.53,0,0,0,0,0,0,0,0,0,"",,1
200141509,100130426,,22,2018-01-23,07:29:00,17:05:00,09.36,0,0,0,0,0,0,0,0,0,"",,1
200141509,100130426,MC,23,2018-01-24,00:00:00,00:00:00,0.0,0,0,0,0,0,0,0,0,0,"",FULL DAY,1
200141509,100130426,,24,2018-01-25,07:32:00,17:06:00,09.34,0,0,0,0,0,0,0,0,0,"",,1
200141509,100130426,,25,2018-01-26,07:27:00,17:20:00,09.53,0,0,0,0,0,0,0,0,0,"",,1
200141509,100130426,OD,26,2018-01-27,00:00:00,00:00:00,0.00,0,0,0,0,0,0,0,0,0,"Off Day",,1
200141509,100130426,RD,27,2018-01-28,00:00:00,00:00:00,0.00,0,0,0,0,0,0,0,0,0,"Rest Day",,1
200141509,100130426,,28,2018-01-29,07:26:00,17:45:00,10.19,0,0,0,0,0,0,0,0,0,"",,1
200141509,100130426,NPL,29,2018-01-30,00:00:00,00:00:00,0.00,0,0,0,0,0,0,0,0,0,"Absent",,1
200141509,100130426,NPL,30,2018-01-31,00:00:00,00:00:00,0.00,0,0,0,0,0,0,0,0,0,"Thaipusam",,1
200143094,100132498,,0,2018-01-01,10:12:00,19:11:00,08.59,0,0,0,0,0,0,0,0,0,"New Year Day",,1
200143094,100132498,,1,2018-01-02,09:21:00,18:45:00,09.24,0,0,0,0,0,0,0,0,0,"",,1
200143094,100132498,,2,2018-01-03,09:01:00,18:04:00,09.03,0,0,0,0,0,0,0,0,0,"",,1
200143094,100132498,,3,2018-01-04,09:20:00,18:50:00,09.30,0,0,0,0,0,0,0,0,0,"",,1
200143094,100132498,,4,2018-01-05,08:26:00,17:32:00,09.06,0,0,0,0,0,0,0,0,0,"",,1
200143094,100132498,OD,5,2018-01-06,00:00:00,00:00:00,0.00,0,0,0,0,0,0,0,0,0,"Off Day",,1
200143094,100132498,RD,6,2018-01-07,00:00:00,00:00:00,0.00,0,0,0,0,0,0,0,0,0,"Rest Day",,1
200143094,100132498,,7,2018-01-08,09:18:00,18:23:00,09.05,0,0,0,0,0,0,0,0,0,"",,1
200143094,100132498,,8,2018-01-09,09:16:00,18:19:00,09.03,0,0,0,0,0,0,0,0,0,"",,1
200143094,100132498,,9,2018-01-10,08:45:00,18:43:00,09.58,0,0,0,0,0,0,0,0,0,"",,1
200143094,100132498,,10,2018-01-11,09:02:00,19:05:00,10.03,0,0,0,0,0,0,0,0,0,"",,1
200143094,100132498,BL,11,2018-01-12,00:00:00,00:00:00,0.0,0,0,0,0,0,0,0,0,0,"Birthday Leave ",FULL DAY,1
200143094,100132498,OD,12,2018-01-13,00:00:00,00:00:00,0.00,0,0,0,0,0,0,0,0,0,"Off Day",,1
200143094,100132498,RD,13,2018-01-14,00:00:00,00:00:00,0.00,0,0,0,0,0,0,0,0,0,"Rest Day",,1
200143094,100132498,,14,2018-01-15,09:10:00,18:15:00,09.05,0,0,0,0,0,0,0,0,0,"",,1
200143094,100132498,,15,2018-01-16,08:47:00,17:51:00,09.04,0,0,0,0,0,0,0,0,0,"",,1
200143094,100132498,,16,2018-01-17,09:00:00,18:02:00,09.02,0,0,0,0,0,0,0,0,0,"",,1
200143094,100132498,,17,2018-01-18,09:26:00,18:35:00,09.09,0,0,0,0,0,0,0,0,0,"",,1
200143094,100132498,,18,2018-01-19,09:03:00,18:18:00,09.15,0,0,0,0,0,0,0,0,0,"",,1
200143094,100132498,OD,19,2018-01-20,00:00:00,00:00:00,0.00,0,0,0,0,0,0,0,0,0,"Off Day",,1
200143094,100132498,RD,20,2018-01-21,00:00:00,00:00:00,0.00,0,0,0,0,0,0,0,0,0,"Rest Day",,1
200143094,100132498,,21,2018-01-22,09:22:00,18:28:00,09.06,0,0,0,0,0,0,0,0,0,"",,1
200143094,100132498,,22,2018-01-23,08:59:00,18:21:00,09.22,0,0,0,0,0,0,0,0,0,"",,1
200143094,100132498,,23,2018-01-24,08:52:00,18:00:00,09.08,0,0,0,0,0,0,0,0,0,"",,1
200143094,100132498,,24,2018-01-25,09:14:00,18:17:00,09.03,0,0,0,0,0,0,0,0,0,"",,1
200143094,100132498,,25,2018-01-26,08:31:00,17:40:00,09.09,0,0,0,0,0,0,0,0,0,"",,1
200143094,100132498,OD,26,2018-01-27,00:00:00,00:00:00,0.00,0,0,0,0,0,0,0,0,0,"Off Day",,1
200143094,100132498,RD,27,2018-01-28,00:00:00,00:00:00,0.00,0,0,0,0,0,0,0,0,0,"Rest Day",,1
200143094,100132498,,28,2018-01-29,09:01:00,13:20:00,04.19,0,0,0,0,0,0,0,0,0,"",,1
200143094,100132498,NPL,29,2018-01-30,00:00:00,00:00:00,0.00,0,0,0,0,0,0,0,0,0,"Absent",,1
200143094,100132498,NPL,30,2018-01-31,00:00:00,00:00:00,0.00,0,0,0,0,0,0,0,0,0,"Thaipusam",,1
200141511,100130594,,0,2018-01-01,14:33:00,18:02:00,03.29,0,0,0,0,0,0,0,0,0,"New Year Day",,1
200141511,100130594,,1,2018-01-02,07:56:00,18:52:00,10.56,0,0,0,0,0,0,0,0,0,"",,1
200141511,100130594,,2,2018-01-03,07:57:00,18:43:00,10.46,0,0,0,0,0,0,0,0,0,"",,1
200141511,100130594,,3,2018-01-04,07:54:00,18:40:00,10.46,0,0,0,0,0,0,0,0,0,"",,1
200141511,100130594,NPL,4,2018-01-05,00:00:00,00:00:00,0.00,0,0,0,0,0,0,0,0,0,"Absent",,1
200141511,100130594,OD,5,2018-01-06,00:00:00,00:00:00,0.00,0,0,0,0,0,0,0,0,0,"Off Day",,1
200141511,100130594,RD,6,2018-01-07,00:00:00,00:00:00,0.00,0,0,0,0,0,0,0,0,0,"Rest Day",,1
200141511,100130594,,7,2018-01-08,07:59:00,18:45:00,10.46,0,0,0,0,0,0,0,0,0,"",,1
200141511,100130594,,8,2018-01-09,07:51:00,18:45:00,10.54,0,0,0,0,0,0,0,0,0,"",,1
200141511,100130594,,9,2018-01-10,07:59:00,18:44:00,10.45,0,0,0,0,0,0,0,0,0,"",,1
200141511,100130594,,10,2018-01-11,08:18:00,19:12:00,10.54,0,0,0,0,0,0,0,0,0,"",,1
200141511,100130594,,11,2018-01-12,11:14:00,14:41:00,03.27,0,0,0,0,0,0,0,0,0,"",,1
200141511,100130594,OD,12,2018-01-13,12:30:00,17:52:00,05.22,0,0,0,0,0,0,0,0,0,"Off Day",,1
200141511,100130594,RD,13,2018-01-14,13:29:00,19:11:00,05.42,0,0,0,0,0,0,0,0,0,"Rest Day",,1
200141511,100130594,,14,2018-01-15,08:16:00,18:56:00,10.40,0,0,0,0,0,0,0,0,0,"",,1
200141511,100130594,,15,2018-01-16,08:05:00,18:00:00,09.55,0,0,0,0,0,0,0,0,0,"",,1
200141511,100130594,,16,2018-01-17,08:07:00,18:47:00,10.40,0,0,0,0,0,0,0,0,0,"",,1
200141511,100130594,,17,2018-01-18,08:00:00,19:19:00,11.19,0,0,0,0,0,0,0,0,0,"",,1
200141511,100130594,,18,2018-01-19,08:09:00,18:56:00,10.47,0,0,0,0,0,0,0,0,0,"",,1
200141511,100130594,OD,19,2018-01-20,00:00:00,00:00:00,0.00,0,0,0,0,0,0,0,0,0,"Off Day",,1
200141511,100130594,RD,20,2018-01-21,10:55:00,20:26:00,09.31,0,0,0,0,0,0,0,0,0,"Rest Day",,1
200141511,100130594,,21,2018-01-22,07:52:00,18:49:00,10.57,0,0,0,0,0,0,0,0,0,"",,1
200141511,100130594,,22,2018-01-23,08:12:00,19:01:00,10.49,0,0,0,0,0,0,0,0,0,"",,1
200141511,100130594,,23,2018-01-24,08:07:00,18:54:00,10.47,0,0,0,0,0,0,0,0,0,"",,1
200141511,100130594,,24,2018-01-25,08:05:00,18:52:00,10.47,0,0,0,0,0,0,0,0,0,"",,1
200141511,100130594,,25,2018-01-26,07:58:00,18:38:00,10.40,0,0,0,0,0,0,0,0,0,"",,1
200141511,100130594,OD,26,2018-01-27,11:02:00,20:06:00,09.04,0,0,0,0,0,0,0,0,0,"Off Day",,1
200141511,100130594,RD,27,2018-01-28,13:54:00,18:51:00,04.57,0,0,0,0,0,0,0,0,0,"Rest Day",,1
200141511,100130594,,28,2018-01-29,07:58:00,18:40:00,10.42,0,0,0,0,0,0,0,0,0,"",,1
200141511,100130594,,29,2018-01-30,08:11:00,19:17:00,11.06,0,0,0,0,0,0,0,0,0,"",,1
200141511,100130594,,30,2018-01-31,08:02:00,18:57:00,10.55,0,0,0,0,0,0,0,0,0,"Thaipusam",,1
200141510,100129876,NPL,0,2018-01-01,00:00:00,00:00:00,0.00,0,0,0,0,0,0,0,0,0,"New Year Day",,1
200141510,100129876,RL,1,2018-01-02,00:00:00,00:00:00,0.0,0,0,0,0,0,0,0,0,0,"Son school registration",FULL DAY,1
200141510,100129876,AL,2,2018-01-03,00:00:00,00:00:00,0.0,0,0,0,0,0,0,0,0,0,"Son school Orientation",FULL DAY,1
200141510,100129876,,3,2018-01-04,08:15:00,18:32:00,10.17,0,0,0,0,0,0,0,0,0,"",,1
200141510,100129876,,4,2018-01-05,08:16:00,13:05:00,04.49,0,0,0,0,0,0,0,0,0,"",,1
200141510,100129876,OD,5,2018-01-06,00:00:00,00:00:00,0.00,0,0,0,0,0,0,0,0,0,"Off Day",,1
200141510,100129876,RD,6,2018-01-07,00:00:00,00:00:00,0.00,0,0,0,0,0,0,0,0,0,"Rest Day",,1
200141510,100129876,,7,2018-01-08,08:34:00,18:00:00,09.26,0,0,0,0,0,0,0,0,0,"",,1
200141510,100129876,,8,2018-01-09,08:44:00,18:09:00,09.25,0,0,0,0,0,0,0,0,0,"",,1
200141510,100129876,,9,2018-01-10,08:21:00,17:30:00,09.09,0,0,0,0,0,0,0,0,0,"",,1
200141510,100129876,,10,2018-01-11,08:27:00,17:44:00,09.17,0,0,0,0,0,0,0,0,0,"",,1
200141510,100129876,,11,2018-01-12,08:28:00,17:30:00,09.02,0,0,0,0,0,0,0,0,0,"",,1
200141510,100129876,OD,12,2018-01-13,00:00:00,00:00:00,0.00,0,0,0,0,0,0,0,0,0,"Off Day",,1
200141510,100129876,RD,13,2018-01-14,00:00:00,00:00:00,0.00,0,0,0,0,0,0,0,0,0,"Rest Day",,1
200141510,100129876,AL,14,2018-01-15,00:00:00,00:00:00,0.0,0,0,0,0,0,0,0,0,0,"EMERGENCY LEAVE - TAKE CARE DAUGHTER FLU & FEVER. ",FULL DAY,1
200141510,100129876,,15,2018-01-16,08:24:00,17:28:00,09.04,0,0,0,0,0,0,0,0,0,"",,1
200141510,100129876,,16,2018-01-17,08:32:00,17:44:00,09.12,0,0,0,0,0,0,0,0,0,"",,1
200141510,100129876,,17,2018-01-18,08:21:00,18:02:00,09.41,0,0,0,0,0,0,0,0,0,"",,1
200141510,100129876,,18,2018-01-19,07:58:00,17:15:00,09.17,0,0,0,0,0,0,0,0,0,"",,1
200141510,100129876,OD,19,2018-01-20,00:00:00,00:00:00,0.00,0,0,0,0,0,0,0,0,0,"Off Day",,1
200141510,100129876,RD,20,2018-01-21,00:00:00,00:00:00,0.00,0,0,0,0,0,0,0,0,0,"Rest Day",,1
200141510,100129876,,21,2018-01-22,08:11:00,17:13:00,09.02,0,0,0,0,0,0,0,0,0,"",,1
200141510,100129876,,22,2018-01-23,08:16:00,17:25:00,09.09,0,0,0,0,0,0,0,0,0,"",,1
200141510,100129876,,23,2018-01-24,08:22:00,17:28:00,09.06,0,0,0,0,0,0,0,0,0,"",,1
200141510,100129876,,24,2018-01-25,08:19:00,17:25:00,09.06,0,0,0,0,0,0,0,0,0,"",,1
200141510,100129876,,25,2018-01-26,08:00:00,14:09:00,06.09,0,0,0,0,0,0,0,0,0,"",,1
200141510,100129876,OD,26,2018-01-27,00:00:00,00:00:00,0.00,0,0,0,0,0,0,0,0,0,"Off Day",,1
200141510,100129876,RD,27,2018-01-28,00:00:00,00:00:00,0.00,0,0,0,0,0,0,0,0,0,"Rest Day",,1
200141510,100129876,,28,2018-01-29,08:34:00,17:55:00,09.21,0,0,0,0,0,0,0,0,0,"",,1
200141510,100129876,,29,2018-01-30,08:21:00,18:53:00,10.32,0,0,0,0,0,0,0,0,0,"",,1
200141510,100129876,NPL,30,2018-01-31,00:00:00,00:00:00,0.00,0,0,0,0,0,0,0,0,0,"Thaipusam",,1
200140168,100130803,NPL,0,2018-01-01,00:00:00,00:00:00,0.00,0,0,0,0,0,0,0,0,0,"New Year Day",,1
200140168,100130803,,1,2018-01-02,08:59:00,18:05:00,09.06,0,0,0,0,0,0,0,0,0,"",,1
200140168,100130803,,2,2018-01-03,09:05:00,18:07:00,09.02,0,0,0,0,0,0,0,0,0,"",,1
200140168,100130803,,3,2018-01-04,09:04:00,18:09:00,09.05,0,0,0,0,0,0,0,0,0,"",,1
200140168,100130803,,4,2018-01-05,08:55:00,18:06:00,09.11,0,0,0,0,0,0,0,0,0,"",,1
200140168,100130803,OD,5,2018-01-06,00:00:00,00:00:00,0.00,0,0,0,0,0,0,0,0,0,"Off Day",,1
200140168,100130803,RD,6,2018-01-07,00:00:00,00:00:00,0.00,0,0,0,0,0,0,0,0,0,"Rest Day",,1
200140168,100130803,,7,2018-01-08,08:52:00,18:30:00,09.38,0,0,0,0,0,0,0,0,0,"",,1
200140168,100130803,,8,2018-01-09,08:59:00,18:04:00,09.05,0,0,0,0,0,0,0,0,0,"",,1
200140168,100130803,,9,2018-01-10,09:04:00,18:06:00,09.02,0,0,0,0,0,0,0,0,0,"",,1
200140168,100130803,,10,2018-01-11,09:06:00,18:11:00,09.05,0,0,0,0,0,0,0,0,0,"",,1
200140168,100130803,,11,2018-01-12,12:17:00,16:03:00,03.46,0,0,0,0,0,0,0,0,0,"",,1
200140168,100130803,OD,12,2018-01-13,00:00:00,00:00:00,0.00,0,0,0,0,0,0,0,0,0,"Off Day",,1
200140168,100130803,RD,13,2018-01-14,00:00:00,00:00:00,0.00,0,0,0,0,0,0,0,0,0,"Rest Day",,1
200140168,100130803,,14,2018-01-15,09:07:00,18:38:00,09.31,0,0,0,0,0,0,0,0,0,"",,1
200140168,100130803,,15,2018-01-16,09:02:00,18:14:00,09.12,0,0,0,0,0,0,0,0,0,"",,1
200140168,100130803,AL,16,2018-01-17,00:00:00,00:00:00,0.0,0,0,0,0,0,0,0,0,0,"Worship day. Attending church services from 10am until 4pm.",FULL DAY,1
200140168,100130803,,17,2018-01-18,09:06:00,18:21:00,09.15,0,0,0,0,0,0,0,0,0,"",,1
200140168,100130803,,18,2018-01-19,09:03:00,18:33:00,09.30,0,0,0,0,0,0,0,0,0,"",,1
200140168,100130803,OD,19,2018-01-20,00:00:00,00:00:00,0.00,0,0,0,0,0,0,0,0,0,"Off Day",,1
200140168,100130803,RD,20,2018-01-21,00:00:00,00:00:00,0.00,0,0,0,0,0,0,0,0,0,"Rest Day",,1
200140168,100130803,,21,2018-01-22,09:03:00,18:29:00,09.26,0,0,0,0,0,0,0,0,0,"",,1
200140168,100130803,,22,2018-01-23,09:03:00,18:16:00,09.13,0,0,0,0,0,0,0,0,0,"",,1
200140168,100130803,,23,2018-01-24,09:05:00,22:07:00,13.02,0,0,0,0,0,0,0,0,0,"",,1
200140168,100130803,,24,2018-01-25,09:05:00,22:13:00,13.08,0,0,0,0,0,0,0,0,0,"",,1
200140168,100130803,,25,2018-01-26,09:14:00,22:11:00,12.57,0,0,0,0,0,0,0,0,0,"",,1
200140168,100130803,OD,26,2018-01-27,00:00:00,00:00:00,0.00,0,0,0,0,0,0,0,0,0,"Off Day",,1
200140168,100130803,RD,27,2018-01-28,07:02:00,16:22:00,09.20,0,0,0,0,0,0,0,0,0,"Rest Day",,1
200140168,100130803,,28,2018-01-29,09:09:00,18:18:00,09.09,0,0,0,0,0,0,0,0,0,"",,1
200140168,100130803,,29,2018-01-30,09:07:00,18:15:00,09.08,0,0,0,0,0,0,0,0,0,"",,1
200140168,100130803,,30,2018-01-31,08:58:00,21:35:00,12.37,0,0,0,0,0,0,0,0,0,"Thaipusam",,1
200141512,100130617,NPL,0,2018-01-01,00:00:00,00:00:00,0.00,0,0,0,0,0,0,0,0,0,"New Year Day",,1
200141512,100130617,,1,2018-01-02,08:56:00,18:12:00,09.16,0,0,0,0,0,0,0,0,0,"",,1
200141512,100130617,,2,2018-01-03,08:52:00,19:04:00,10.12,0,0,0,0,0,0,0,0,0,"",,1
200141512,100130617,AL,3,2018-01-04,00:00:00,00:00:00,0.0,0,0,0,0,0,0,0,0,0,"ANNUAL LEAVE",FULL DAY,1
200141512,100130617,NPL,4,2018-01-05,00:00:00,00:00:00,0.00,0,0,0,0,0,0,0,0,0,"Absent",,1
200141512,100130617,OD,5,2018-01-06,00:00:00,00:00:00,0.00,0,0,0,0,0,0,0,0,0,"Off Day",,1
200141512,100130617,RD,6,2018-01-07,00:00:00,00:00:00,0.00,0,0,0,0,0,0,0,0,0,"Rest Day",,1
200141512,100130617,,7,2018-01-08,08:54:00,18:37:00,09.43,0,0,0,0,0,0,0,0,0,"",,1
200141512,100130617,,8,2018-01-09,08:51:00,19:29:00,10.38,0,0,0,0,0,0,0,0,0,"",,1
200141512,100130617,,9,2018-01-10,08:36:00,17:51:00,09.15,0,0,0,0,0,0,0,0,0,"",,1
200141512,100130617,,10,2018-01-11,08:35:00,17:37:00,09.02,0,0,0,0,0,0,0,0,0,"",,1
200141512,100130617,,11,2018-01-12,11:57:00,16:08:00,04.11,0,0,0,0,0,0,0,0,0,"",,1
200141512,100130617,OD,12,2018-01-13,00:00:00,00:00:00,0.00,0,0,0,0,0,0,0,0,0,"Off Day",,1
200141512,100130617,RD,13,2018-01-14,00:00:00,00:00:00,0.00,0,0,0,0,0,0,0,0,0,"Rest Day",,1
200141512,100130617,,14,2018-01-15,08:31:00,19:36:00,11.05,0,0,0,0,0,0,0,0,0,"",,1
200141512,100130617,,15,2018-01-16,08:25:00,19:51:00,11.26,0,0,0,0,0,0,0,0,0,"",,1
200141512,100130617,NPL,16,2018-01-17,00:00:00,00:00:00,0.00,0,0,0,0,0,0,0,0,0,"",,1
200141512,100130617,,17,2018-01-18,09:15:00,18:16:00,09.01,0,0,0,0,0,0,0,0,0,"",,1
200141512,100130617,,18,2018-01-19,09:17:00,19:45:00,10.28,0,0,0,0,0,0,0,0,0,"",,1
200141512,100130617,OD,19,2018-01-20,00:00:00,00:00:00,0.00,0,0,0,0,0,0,0,0,0,"Off Day",,1
200141512,100130617,RD,20,2018-01-21,00:00:00,00:00:00,0.00,0,0,0,0,0,0,0,0,0,"Rest Day",,1
200141512,100130617,,21,2018-01-22,08:52:00,20:00:00,11.08,0,0,0,0,0,0,0,0,0,"",,1
200141512,100130617,,22,2018-01-23,09:02:00,18:14:00,09.12,0,0,0,0,0,0,0,0,0,"",,1
200141512,100130617,,23,2018-01-24,08:57:00,19:19:00,10.22,0,0,0,0,0,0,0,0,0,"",,1
200141512,100130617,,24,2018-01-25,09:04:00,19:40:00,10.36,0,0,0,0,0,0,0,0,0,"",,1
200141512,100130617,,25,2018-01-26,08:37:00,18:41:00,10.04,0,0,0,0,0,0,0,0,0,"",,1
200141512,100130617,OD,26,2018-01-27,00:00:00,00:00:00,0.00,0,0,0,0,0,0,0,0,0,"Off Day",,1
200141512,100130617,RD,27,2018-01-28,10:47:00,16:41:00,05.54,0,0,0,0,0,0,0,0,0,"Rest Day",,1
200141512,100130617,,28,2018-01-29,09:02:00,18:44:00,09.42,0,0,0,0,0,0,0,0,0,"",,1
200141512,100130617,NPL,29,2018-01-30,00:00:00,00:00:00,0.00,0,0,0,0,0,0,0,0,0,"Absent",,1
200141512,100130617,,30,2018-01-31,09:04:00,17:38:00,08.34,0,0,0,0,0,0,0,0,0,"Thaipusam",,1
200143660,100132779,NPL,0,2018-01-01,00:00:00,00:00:00,0.00,0,0,0,0,0,0,0,0,0,"New Year Day",,1
200143660,100132779,,1,2018-01-02,08:22:00,17:31:00,09.09,0,0,0,0,0,0,0,0,0,"",,1
200143660,100132779,,2,2018-01-03,08:21:00,17:29:00,09.08,0,0,0,0,0,0,0,0,0,"",,1
200143660,100132779,,3,2018-01-04,08:19:00,17:50:00,09.31,0,0,0,0,0,0,0,0,0,"",,1
200143660,100132779,,4,2018-01-05,08:28:00,13:06:00,04.38,0,0,0,0,0,0,0,0,0,"",,1
200143660,100132779,OD,5,2018-01-06,00:00:00,00:00:00,0.00,0,0,0,0,0,0,0,0,0,"Off Day",,1
200143660,100132779,RD,6,2018-01-07,00:00:00,00:00:00,0.00,0,0,0,0,0,0,0,0,0,"Rest Day",,1
200143660,100132779,,7,2018-01-08,08:21:00,17:22:00,09.01,0,0,0,0,0,0,0,0,0,"",,1
200143660,100132779,,8,2018-01-09,08:45:00,17:50:00,09.05,0,0,0,0,0,0,0,0,0,"",,1
200143660,100132779,,9,2018-01-10,08:24:00,18:25:00,10.01,0,0,0,0,0,0,0,0,0,"",,1
200143660,100132779,,10,2018-01-11,08:24:00,17:29:00,09.05,0,0,0,0,0,0,0,0,0,"",,1
200143660,100132779,,11,2018-01-12,08:19:00,17:24:00,09.05,0,0,0,0,0,0,0,0,0,"",,1
200143660,100132779,OD,12,2018-01-13,00:00:00,00:00:00,0.00,0,0,0,0,0,0,0,0,0,"Off Day",,1
200143660,100132779,RD,13,2018-01-14,00:00:00,00:00:00,0.00,0,0,0,0,0,0,0,0,0,"Rest Day",,1
200143660,100132779,,14,2018-01-15,08:26:00,17:28:00,09.02,0,0,0,0,0,0,0,0,0,"",,1
200143660,100132779,,15,2018-01-16,08:28:00,18:19:00,09.51,0,0,0,0,0,0,0,0,0,"",,1
200143660,100132779,,16,2018-01-17,08:20:00,17:46:00,09.26,0,0,0,0,0,0,0,0,0,"",,1
200143660,100132779,,17,2018-01-18,08:20:00,17:20:00,09.00,0,0,0,0,0,0,0,0,0,"",,1
200143660,100132779,,18,2018-01-19,08:21:00,17:24:00,09.03,0,0,0,0,0,0,0,0,0,"",,1
200143660,100132779,OD,19,2018-01-20,00:00:00,00:00:00,0.00,0,0,0,0,0,0,0,0,0,"Off Day",,1
200143660,100132779,RD,20,2018-01-21,00:00:00,00:00:00,0.00,0,0,0,0,0,0,0,0,0,"Rest Day",,1
200143660,100132779,,21,2018-01-22,08:27:00,17:48:00,09.21,0,0,0,0,0,0,0,0,0,"",,1
200143660,100132779,,22,2018-01-23,08:34:00,17:37:00,09.03,0,0,0,0,0,0,0,0,0,"",,1
200143660,100132779,,23,2018-01-24,08:28:00,17:32:00,09.04,0,0,0,0,0,0,0,0,0,"",,1
200143660,100132779,,24,2018-01-25,08:27:00,17:33:00,09.06,0,0,0,0,0,0,0,0,0,"",,1
200143660,100132779,,25,2018-01-26,08:19:00,18:28:00,10.09,0,0,0,0,0,0,0,0,0,"",,1
200143660,100132779,OD,26,2018-01-27,00:00:00,00:00:00,0.00,0,0,0,0,0,0,0,0,0,"Off Day",,1
200143660,100132779,RD,27,2018-01-28,00:00:00,00:00:00,0.00,0,0,0,0,0,0,0,0,0,"Rest Day",,1
200143660,100132779,,28,2018-01-29,08:30:00,17:53:00,09.23,0,0,0,0,0,0,0,0,0,"",,1
200143660,100132779,,29,2018-01-30,08:29:00,19:40:00,11.11,0,0,0,0,0,0,0,0,0,"",,1
200143660,100132779,NPL,30,2018-01-31,00:00:00,00:00:00,0.00,0,0,0,0,0,0,0,0,0,"Thaipusam",,1
200141556,100129947,NPL,0,2018-01-01,00:00:00,00:00:00,0.00,0,0,0,0,0,0,0,0,0,"New Year Day",,1
200141556,100129947,,1,2018-01-02,08:15:00,18:50:00,10.35,0,0,0,0,0,0,0,0,0,"",,1
200141556,100129947,,2,2018-01-03,08:39:00,19:16:00,10.37,0,0,0,0,0,0,0,0,0,"",,1
200141556,100129947,,3,2018-01-04,08:20:00,18:52:00,10.32,0,0,0,0,0,0,0,0,0,"",,1
200141556,100129947,,4,2018-01-05,08:45:00,13:10:00,04.25,0,0,0,0,0,0,0,0,0,"",,1
200141556,100129947,OD,5,2018-01-06,00:00:00,00:00:00,0.00,0,0,0,0,0,0,0,0,0,"Off Day",,1
200141556,100129947,RD,6,2018-01-07,00:00:00,00:00:00,0.00,0,0,0,0,0,0,0,0,0,"Rest Day",,1
200141556,100129947,,7,2018-01-08,08:20:00,19:20:00,11.00,0,0,0,0,0,0,0,0,0,"",,1
200141556,100129947,,8,2018-01-09,08:50:00,18:55:00,10.05,0,0,0,0,0,0,0,0,0,"",,1
200141556,100129947,,9,2018-01-10,09:03:00,19:37:00,10.34,0,0,0,0,0,0,0,0,0,"",,1
200141556,100129947,,10,2018-01-11,08:39:00,19:11:00,10.32,0,0,0,0,0,0,0,0,0,"",,1
200141556,100129947,,11,2018-01-12,08:48:00,19:27:00,10.39,0,0,0,0,0,0,0,0,0,"",,1
200141556,100129947,OD,12,2018-01-13,00:00:00,00:00:00,0.00,0,0,0,0,0,0,0,0,0,"Off Day",,1
200141556,100129947,RD,13,2018-01-14,00:00:00,00:00:00,0.00,0,0,0,0,0,0,0,0,0,"Rest Day",,1
200141556,100129947,,14,2018-01-15,08:08:00,18:42:00,10.34,0,0,0,0,0,0,0,0,0,"",,1
200141556,100129947,,15,2018-01-16,08:42:00,18:35:00,09.53,0,0,0,0,0,0,0,0,0,"",,1
200141556,100129947,,16,2018-01-17,08:02:00,18:42:00,10.40,0,0,0,0,0,0,0,0,0,"",,1
200141556,100129947,,17,2018-01-18,08:10:00,14:22:00,06.12,0,0,0,0,0,0,0,0,0,"",,1
200141556,100129947,,18,2018-01-19,08:59:00,14:46:00,05.47,0,0,0,0,0,0,0,0,0,"",,1
200141556,100129947,OD,19,2018-01-20,00:00:00,00:00:00,0.00,0,0,0,0,0,0,0,0,0,"Off Day",,1
200141556,100129947,RD,20,2018-01-21,00:00:00,00:00:00,0.00,0,0,0,0,0,0,0,0,0,"Rest Day",,1
200141556,100129947,,21,2018-01-22,08:02:00,19:08:00,11.06,0,0,0,0,0,0,0,0,0,"",,1
200141556,100129947,,22,2018-01-23,08:14:00,18:47:00,10.33,0,0,0,0,0,0,0,0,0,"",,1
200141556,100129947,,23,2018-01-24,08:14:00,19:20:00,11.06,0,0,0,0,0,0,0,0,0,"",,1
200141556,100129947,,24,2018-01-25,08:35:00,19:06:00,10.31,0,0,0,0,0,0,0,0,0,"",,1
200141556,100129947,,25,2018-01-26,08:00:00,18:34:00,10.34,0,0,0,0,0,0,0,0,0,"",,1
200141556,100129947,OD,26,2018-01-27,00:00:00,00:00:00,0.00,0,0,0,0,0,0,0,0,0,"Off Day",,1
200141556,100129947,RD,27,2018-01-28,00:00:00,00:00:00,0.00,0,0,0,0,0,0,0,0,0,"Rest Day",,1
200141556,100129947,,28,2018-01-29,08:16:00,18:56:00,10.40,0,0,0,0,0,0,0,0,0,"",,1
200141556,100129947,,29,2018-01-30,08:14:00,18:46:00,10.32,0,0,0,0,0,0,0,0,0,"",,1
200141556,100129947,NPL,30,2018-01-31,00:00:00,00:00:00,0.00,0,0,0,0,0,0,0,0,0,"Thaipusam",,1
200141515,100130464,NPL,0,2018-01-01,00:00:00,00:00:00,0.00,0,0,0,0,0,0,0,0,0,"New Year Day",,1
200141515,100130464,,1,2018-01-02,13:05:00,19:24:00,06.19,0,0,0,0,0,0,0,0,0,"",,1
200141515,100130464,,2,2018-01-03,09:14:00,19:34:00,10.20,0,0,0,0,0,0,0,0,0,"",,1
200141515,100130464,,3,2018-01-04,07:58:00,19:18:00,11.20,0,0,0,0,0,0,0,0,0,"",,1
200141515,100130464,NPL,4,2018-01-05,00:00:00,00:00:00,0.00,0,0,0,0,0,0,0,0,0,"Absent",,1
200141515,100130464,OD,5,2018-01-06,00:00:00,00:00:00,0.00,0,0,0,0,0,0,0,0,0,"Off Day",,1
200141515,100130464,RD,6,2018-01-07,00:00:00,00:00:00,0.00,0,0,0,0,0,0,0,0,0,"Rest Day",,1
200141515,100130464,,7,2018-01-08,08:00:00,20:42:00,12.42,0,0,0,0,0,0,0,0,0,"",,1
200141515,100130464,,8,2018-01-09,08:10:00,21:03:00,12.53,0,0,0,0,0,0,0,0,0,"",,1
200141515,100130464,,9,2018-01-10,08:49:00,20:29:00,11.40,0,0,0,0,0,0,0,0,0,"",,1
200141515,100130464,,10,2018-01-11,09:13:00,19:53:00,10.40,0,0,0,0,0,0,0,0,0,"",,1
200141515,100130464,,11,2018-01-12,09:13:00,19:25:00,10.12,0,0,0,0,0,0,0,0,0,"",,1
200141515,100130464,OD,12,2018-01-13,00:00:00,00:00:00,0.00,0,0,0,0,0,0,0,0,0,"Off Day",,1
200141515,100130464,RD,13,2018-01-14,00:00:00,00:00:00,0.00,0,0,0,0,0,0,0,0,0,"Rest Day",,1
200141515,100130464,NPL,14,2018-01-15,00:00:00,00:00:00,0.00,0,0,0,0,0,0,0,0,0,"Absent",,1
200141515,100130464,,15,2018-01-16,07:25:00,17:15:00,09.50,0,0,0,0,0,0,0,0,0,"",,1
200141515,100130464,,16,2018-01-17,09:06:00,18:53:00,09.47,0,0,0,0,0,0,0,0,0,"",,1
200141515,100130464,,17,2018-01-18,09:13:00,19:36:00,10.23,0,0,0,0,0,0,0,0,0,"",,1
200141515,100130464,NPL,18,2018-01-19,00:00:00,00:00:00,0.00,0,0,0,0,0,0,0,0,0,"Absent",,1
200141515,100130464,OD,19,2018-01-20,00:00:00,00:00:00,0.00,0,0,0,0,0,0,0,0,0,"Off Day",,1
200141515,100130464,RD,20,2018-01-21,00:00:00,00:00:00,0.00,0,0,0,0,0,0,0,0,0,"Rest Day",,1
200141515,100130464,,21,2018-01-22,07:31:00,16:47:00,09.16,0,0,0,0,0,0,0,0,0,"",,1
200141515,100130464,,22,2018-01-23,07:25:00,18:41:00,11.16,0,0,0,0,0,0,0,0,0,"",,1
200141515,100130464,,23,2018-01-24,08:34:00,10:48:00,02.14,0,0,0,0,0,0,0,0,0,"",,1
200141515,100130464,,24,2018-01-25,08:57:00,14:28:00,05.31,0,0,0,0,0,0,0,0,0,"",,1
200141515,100130464,NPL,25,2018-01-26,00:00:00,00:00:00,0.00,0,0,0,0,0,0,0,0,0,"Absent",,1
200141515,100130464,OD,26,2018-01-27,00:00:00,00:00:00,0.00,0,0,0,0,0,0,0,0,0,"Off Day",,1
200141515,100130464,RD,27,2018-01-28,00:00:00,00:00:00,0.00,0,0,0,0,0,0,0,0,0,"Rest Day",,1
200141515,100130464,,28,2018-01-29,07:36:00,16:45:00,09.09,0,0,0,0,0,0,0,0,0,"",,1
200141515,100130464,,29,2018-01-30,07:27:00,16:38:00,09.11,0,0,0,0,0,0,0,0,0,"",,1
200141515,100130464,NPL,30,2018-01-31,00:00:00,00:00:00,0.00,0,0,0,0,0,0,0,0,0,"Thaipusam",,1
200141338,100131444,,0,2018-01-01,09:53:00,11:56:00,02.03,0,0,0,0,0,0,0,0,0,"New Year Day",,1
200141338,100131444,,1,2018-01-02,09:02:00,13:01:00,03.59,0,0,0,0,0,0,0,0,0,"",,1
200141338,100131444,,2,2018-01-03,09:03:00,12:14:00,03.11,0,0,0,0,0,0,0,0,0,"",,1
200141338,100131444,,3,2018-01-04,09:01:00,11:20:00,02.19,0,0,0,0,0,0,0,0,0,"",,1
200141338,100131444,NPL,4,2018-01-05,00:00:00,00:00:00,0.00,0,0,0,0,0,0,0,0,0,"Absent",,1
200141338,100131444,OD,5,2018-01-06,00:00:00,00:00:00,0.00,0,0,0,0,0,0,0,0,0,"Off Day",,1
200141338,100131444,RD,6,2018-01-07,00:00:00,00:00:00,0.00,0,0,0,0,0,0,0,0,0,"Rest Day",,1
200141338,100131444,,7,2018-01-08,09:08:00,10:20:00,01.12,0,0,0,0,0,0,0,0,0,"",,1
200141338,100131444,,8,2018-01-09,08:47:00,09:33:00,0.00,0,0,0,0,0,0,0,0,0,"",,1
200141338,100131444,,9,2018-01-10,08:59:00,09:10:00,0.00,0,0,0,0,0,0,0,0,0,"",,1
200141338,100131444,NPL,10,2018-01-11,00:00:00,00:00:00,0.00,0,0,0,0,0,0,0,0,0,"Absent",,1
200141338,100131444,,11,2018-01-12,08:51:00,10:23:00,01.32,0,0,0,0,0,0,0,0,0,"",,1
200141338,100131444,OD,12,2018-01-13,00:00:00,00:00:00,0.00,0,0,0,0,0,0,0,0,0,"Off Day",,1
200141338,100131444,RD,13,2018-01-14,00:00:00,00:00:00,0.00,0,0,0,0,0,0,0,0,0,"Rest Day",,1
200141338,100131444,,14,2018-01-15,09:01:00,11:01:00,02.00,0,0,0,0,0,0,0,0,0,"",,1
200141338,100131444,,15,2018-01-16,08:59:00,12:02:00,03.03,0,0,0,0,0,0,0,0,0,"",,1
200141338,100131444,,16,2018-01-17,08:57:00,09:19:00,0.00,0,0,0,0,0,0,0,0,0,"",,1
200141338,100131444,,17,2018-01-18,09:08:00,09:08:00,0.00,0,0,0,0,0,0,0,0,0,"",,1
200141338,100131444,,18,2018-01-19,08:49:00,17:34:00,08.45,0,0,0,0,0,0,0,0,0,"",,1
200141338,100131444,OD,19,2018-01-20,00:00:00,00:00:00,0.00,0,0,0,0,0,0,0,0,0,"Off Day",,1
200141338,100131444,RD,20,2018-01-21,00:00:00,00:00:00,0.00,0,0,0,0,0,0,0,0,0,"Rest Day",,1
200141338,100131444,,21,2018-01-22,09:02:00,11:03:00,02.01,0,0,0,0,0,0,0,0,0,"",,1
200141338,100131444,,22,2018-01-23,09:00:00,09:16:00,0.00,0,0,0,0,0,0,0,0,0,"",,1
200141338,100131444,,23,2018-01-24,09:03:00,11:04:00,02.01,0,0,0,0,0,0,0,0,0,"",,1
200141338,100131444,,24,2018-01-25,09:03:00,10:08:00,01.05,0,0,0,0,0,0,0,0,0,"",,1
200141338,100131444,NPL,25,2018-01-26,00:00:00,00:00:00,0.00,0,0,0,0,0,0,0,0,0,"",,1
200141338,100131444,OD,26,2018-01-27,00:00:00,00:00:00,0.00,0,0,0,0,0,0,0,0,0,"Off Day",,1
200141338,100131444,RD,27,2018-01-28,00:00:00,00:00:00,0.00,0,0,0,0,0,0,0,0,0,"Rest Day",,1
200141338,100131444,,28,2018-01-29,09:01:00,10:51:00,01.50,0,0,0,0,0,0,0,0,0,"",,1
200141338,100131444,,29,2018-01-30,09:00:00,09:01:00,0.00,0,0,0,0,0,0,0,0,0,"",,1
200141338,100131444,NPL,30,2018-01-31,00:00:00,00:00:00,0.00,0,0,0,0,0,0,0,0,0,"Thaipusam",,1
200140204,100130822,NPL,0,2018-01-01,00:00:00,00:00:00,0.00,0,0,0,0,0,0,0,0,0,"New Year Day",,1
200140204,100130822,,1,2018-01-02,08:00:00,19:19:00,11.19,0,0,0,0,0,0,0,0,0,"",,1
200140204,100130822,,2,2018-01-03,08:10:00,19:22:00,11.12,0,0,0,0,0,0,0,0,0,"",,1
200140204,100130822,NPL,3,2018-01-04,00:00:00,00:00:00,0.00,0,0,0,0,0,0,0,0,0,"Absent",,1
200140204,100130822,,4,2018-01-05,08:12:00,14:17:00,06.05,0,0,0,0,0,0,0,0,0,"",,1
200140204,100130822,OD,5,2018-01-06,00:00:00,00:00:00,0.00,0,0,0,0,0,0,0,0,0,"Off Day",,1
200140204,100130822,RD,6,2018-01-07,00:00:00,00:00:00,0.00,0,0,0,0,0,0,0,0,0,"Rest Day",,1
200140204,100130822,,7,2018-01-08,08:48:00,19:23:00,10.35,0,0,0,0,0,0,0,0,0,"",,1
200140204,100130822,,8,2018-01-09,09:20:00,20:49:00,11.29,0,0,0,0,0,0,0,0,0,"",,1
200140204,100130822,,9,2018-01-10,08:19:00,19:22:00,11.03,0,0,0,0,0,0,0,0,0,"",,1
200140204,100130822,,10,2018-01-11,08:32:00,21:20:00,12.48,0,0,0,0,0,0,0,0,0,"",,1
200140204,100130822,,11,2018-01-12,08:50:00,19:30:00,10.40,0,0,0,0,0,0,0,0,0,"",,1
200140204,100130822,OD,12,2018-01-13,00:00:00,00:00:00,0.00,0,0,0,0,0,0,0,0,0,"Off Day",,1
200140204,100130822,RD,13,2018-01-14,00:00:00,00:00:00,0.00,0,0,0,0,0,0,0,0,0,"Rest Day",,1
200140204,100130822,,14,2018-01-15,08:04:00,20:16:00,12.12,0,0,0,0,0,0,0,0,0,"",,1
200140204,100130822,,15,2018-01-16,08:22:00,20:13:00,11.51,0,0,0,0,0,0,0,0,0,"",,1
200140204,100130822,,16,2018-01-17,08:33:00,17:42:00,09.09,0,0,0,0,0,0,0,0,0,"",,1
200140204,100130822,,17,2018-01-18,08:28:00,20:17:00,11.49,0,0,0,0,0,0,0,0,0,"",,1
200140204,100130822,,18,2018-01-19,09:06:00,20:28:00,11.22,0,0,0,0,0,0,0,0,0,"",,1
200140204,100130822,OD,19,2018-01-20,00:00:00,00:00:00,0.00,0,0,0,0,0,0,0,0,0,"Off Day",,1
200140204,100130822,RD,20,2018-01-21,00:00:00,00:00:00,0.00,0,0,0,0,0,0,0,0,0,"Rest Day",,1
200140204,100130822,,21,2018-01-22,08:14:00,17:34:00,09.20,0,0,0,0,0,0,0,0,0,"",,1
200140204,100130822,,22,2018-01-23,08:28:00,21:34:00,13.06,0,0,0,0,0,0,0,0,0,"",,1
200140204,100130822,,23,2018-01-24,09:17:00,21:08:00,11.51,0,0,0,0,0,0,0,0,0,"",,1
200140204,100130822,,24,2018-01-25,08:23:00,20:10:00,11.47,0,0,0,0,0,0,0,0,0,"",,1
200140204,100130822,,25,2018-01-26,08:33:00,18:22:00,09.49,0,0,0,0,0,0,0,0,0,"",,1
200140204,100130822,OD,26,2018-01-27,00:00:00,00:00:00,0.00,0,0,0,0,0,0,0,0,0,"Off Day",,1
200140204,100130822,RD,27,2018-01-28,00:00:00,00:00:00,0.00,0,0,0,0,0,0,0,0,0,"Rest Day",,1
200140204,100130822,,28,2018-01-29,08:34:00,18:57:00,10.23,0,0,0,0,0,0,0,0,0,"",,1
200140204,100130822,,29,2018-01-30,08:36:00,18:25:00,09.49,0,0,0,0,0,0,0,0,0,"",,1
200140204,100130822,NPL,30,2018-01-31,00:00:00,00:00:00,0.00,0,0,0,0,0,0,0,0,0,"Thaipusam",,1
200142645,100132261,NPL,0,2018-01-01,00:00:00,00:00:00,0.00,0,0,0,0,0,0,0,0,0,"New Year Day",,1
200142645,100132261,,1,2018-01-02,06:46:00,20:40:00,13.54,0,0,0,0,0,0,0,0,0,"",,1
200142645,100132261,,2,2018-01-03,06:38:00,18:14:00,11.36,0,0,0,0,0,0,0,0,0,"",,1
200142645,100132261,,3,2018-01-04,07:11:00,18:09:00,10.58,0,0,0,0,0,0,0,0,0,"",,1
200142645,100132261,,4,2018-01-05,06:58:00,16:39:00,09.41,0,0,0,0,0,0,0,0,0,"",,1
200142645,100132261,OD,5,2018-01-06,00:00:00,00:00:00,0.00,0,0,0,0,0,0,0,0,0,"Off Day",,1
200142645,100132261,RD,6,2018-01-07,00:00:00,00:00:00,0.00,0,0,0,0,0,0,0,0,0,"Rest Day",,1
200142645,100132261,,7,2018-01-08,07:01:00,18:08:00,11.07,0,0,0,0,0,0,0,0,0,"",,1
200142645,100132261,,8,2018-01-09,07:00:00,18:44:00,11.44,0,0,0,0,0,0,0,0,0,"",,1
200142645,100132261,,9,2018-01-10,07:31:00,18:57:00,11.26,0,0,0,0,0,0,0,0,0,"",,1
200142645,100132261,,10,2018-01-11,07:23:00,18:41:00,11.18,0,0,0,0,0,0,0,0,0,"",,1
200142645,100132261,AL,11,2018-01-12,9:00:00,13:00:00,4.0,0,0,0,0,0,0,0,0,0,"On leave to service car",PM,1
200142645,100132261,OD,12,2018-01-13,00:00:00,00:00:00,0.00,0,0,0,0,0,0,0,0,0,"Off Day",,1
200142645,100132261,RD,13,2018-01-14,00:00:00,00:00:00,0.00,0,0,0,0,0,0,0,0,0,"Rest Day",,1
200142645,100132261,,14,2018-01-15,07:51:00,18:35:00,10.44,0,0,0,0,0,0,0,0,0,"",,1
200142645,100132261,,15,2018-01-16,07:32:00,19:12:00,11.40,0,0,0,0,0,0,0,0,0,"",,1
200142645,100132261,,16,2018-01-17,08:45:00,18:29:00,09.44,0,0,0,0,0,0,0,0,0,"",,1
200142645,100132261,,17,2018-01-18,08:43:00,18:19:00,09.36,0,0,0,0,0,0,0,0,0,"",,1
200142645,100132261,,18,2018-01-19,08:37:00,17:37:00,09.00,0,0,0,0,0,0,0,0,0,"",,1
200142645,100132261,OD,19,2018-01-20,00:00:00,00:00:00,0.00,0,0,0,0,0,0,0,0,0,"Off Day",,1
200142645,100132261,RD,20,2018-01-21,00:00:00,00:00:00,0.00,0,0,0,0,0,0,0,0,0,"Rest Day",,1
200142645,100132261,,21,2018-01-22,07:30:00,18:45:00,11.15,0,0,0,0,0,0,0,0,0,"",,1
200142645,100132261,,22,2018-01-23,07:18:00,17:24:00,10.06,0,0,0,0,0,0,0,0,0,"",,1
200142645,100132261,,23,2018-01-24,07:15:00,18:05:00,10.50,0,0,0,0,0,0,0,0,0,"",,1
200142645,100132261,,24,2018-01-25,07:24:00,18:02:00,10.38,0,0,0,0,0,0,0,0,0,"",,1
200142645,100132261,,25,2018-01-26,07:29:00,18:19:00,10.50,0,0,0,0,0,0,0,0,0,"",,1
200142645,100132261,OD,26,2018-01-27,00:00:00,00:00:00,0.00,0,0,0,0,0,0,0,0,0,"Off Day",,1
200142645,100132261,RD,27,2018-01-28,00:00:00,00:00:00,0.00,0,0,0,0,0,0,0,0,0,"Rest Day",,1
200142645,100132261,,28,2018-01-29,07:29:00,18:28:00,10.59,0,0,0,0,0,0,0,0,0,"",,1
200142645,100132261,,29,2018-01-30,07:01:00,16:55:00,09.54,0,0,0,0,0,0,0,0,0,"",,1
200142645,100132261,NPL,30,2018-01-31,00:00:00,00:00:00,0.00,0,0,0,0,0,0,0,0,0,"Thaipusam",,1
MP000155 Siang Pui Mun (Manpower),MP000155 Siang Pui Mun (Manpower),,0,2018-01-19,00:00:00,15:32:00,0.00,0,0,0,0,0,0,0,0,0,"",,1
MP000155 Siang Pui Mun (Manpower),MP000155 Siang Pui Mun (Manpower),OD,1,2018-01-20,00:00:00,00:00:00,0.00,0,0,0,0,0,0,0,0,0,"Off Day",,1
MP000155 Siang Pui Mun (Manpower),MP000155 Siang Pui Mun (Manpower),RD,2,2018-01-21,00:00:00,00:00:00,0.00,0,0,0,0,0,0,0,0,0,"Rest Day",,1
MP000155 Siang Pui Mun (Manpower),MP000155 Siang Pui Mun (Manpower),,3,2018-01-22,09:20:00,18:31:00,09.11,0,0,0,0,0,0,0,0,0,"",,1
MP000155 Siang Pui Mun (Manpower),MP000155 Siang Pui Mun (Manpower),,4,2018-01-23,08:56:00,16:38:00,07.42,0,0,0,0,0,0,0,0,0,"",,1
MP000155 Siang Pui Mun (Manpower),MP000155 Siang Pui Mun (Manpower),,5,2018-01-24,08:50:00,17:00:00,08.10,0,0,0,0,0,0,0,0,0,"",,1
MP000155 Siang Pui Mun (Manpower),MP000155 Siang Pui Mun (Manpower),,6,2018-01-25,08:57:00,18:00:00,09.03,0,0,0,0,0,0,0,0,0,"",,1
MP000155 Siang Pui Mun (Manpower),MP000155 Siang Pui Mun (Manpower),,7,2018-01-26,08:56:00,18:03:00,09.07,0,0,0,0,0,0,0,0,0,"",,1
MP000155 Siang Pui Mun (Manpower),MP000155 Siang Pui Mun (Manpower),OD,8,2018-01-27,00:00:00,00:00:00,0.00,0,0,0,0,0,0,0,0,0,"Off Day",,1
MP000155 Siang Pui Mun (Manpower),MP000155 Siang Pui Mun (Manpower),RD,9,2018-01-28,00:00:00,00:00:00,0.00,0,0,0,0,0,0,0,0,0,"Rest Day",,1
MP000155 Siang Pui Mun (Manpower),MP000155 Siang Pui Mun (Manpower),,10,2018-01-29,08:52:00,18:06:00,09.14,0,0,0,0,0,0,0,0,0,"",,1
MP000155 Siang Pui Mun (Manpower),MP000155 Siang Pui Mun (Manpower),,11,2018-01-30,09:17:00,18:32:00,09.15,0,0,0,0,0,0,0,0,0,"",,1
MP000155 Siang Pui Mun (Manpower),MP000155 Siang Pui Mun (Manpower),NPL,12,2018-01-31,00:00:00,00:00:00,0.00,0,0,0,0,0,0,0,0,0,"Thaipusam",,1
200143248,100132589,NPL,0,2018-01-01,00:00:00,00:00:00,0.00,0,0,0,0,0,0,0,0,0,"New Year Day",,1
200143248,100132589,,1,2018-01-02,08:35:00,17:38:00,09.03,0,0,0,0,0,0,0,0,0,"",,1
200143248,100132589,,2,2018-01-03,08:36:00,17:41:00,09.05,0,0,0,0,0,0,0,0,0,"",,1
200143248,100132589,,3,2018-01-04,08:38:00,17:44:00,09.06,0,0,0,0,0,0,0,0,0,"",,1
200143248,100132589,,4,2018-01-05,08:24:00,13:09:00,04.45,0,0,0,0,0,0,0,0,0,"",,1
200143248,100132589,OD,5,2018-01-06,00:00:00,00:00:00,0.00,0,0,0,0,0,0,0,0,0,"Off Day",,1
200143248,100132589,RD,6,2018-01-07,00:00:00,00:00:00,0.00,0,0,0,0,0,0,0,0,0,"Rest Day",,1
200143248,100132589,,7,2018-01-08,08:36:00,17:39:00,09.03,0,0,0,0,0,0,0,0,0,"",,1
200143248,100132589,,8,2018-01-09,08:31:00,18:18:00,09.47,0,0,0,0,0,0,0,0,0,"",,1
200143248,100132589,,9,2018-01-10,08:35:00,17:41:00,09.06,0,0,0,0,0,0,0,0,0,"",,1
200143248,100132589,,10,2018-01-11,08:14:00,17:24:00,09.10,0,0,0,0,0,0,0,0,0,"",,1
200143248,100132589,,11,2018-01-12,08:36:00,17:40:00,09.04,0,0,0,0,0,0,0,0,0,"",,1
200143248,100132589,OD,12,2018-01-13,00:00:00,00:00:00,0.00,0,0,0,0,0,0,0,0,0,"Off Day",,1
200143248,100132589,RD,13,2018-01-14,00:00:00,00:00:00,0.00,0,0,0,0,0,0,0,0,0,"Rest Day",,1
200143248,100132589,,14,2018-01-15,08:33:00,17:43:00,09.10,0,0,0,0,0,0,0,0,0,"",,1
200143248,100132589,,15,2018-01-16,08:36:00,17:46:00,09.10,0,0,0,0,0,0,0,0,0,"",,1
200143248,100132589,,16,2018-01-17,08:30:00,17:40:00,09.10,0,0,0,0,0,0,0,0,0,"",,1
200143248,100132589,,17,2018-01-18,08:17:00,17:22:00,09.05,0,0,0,0,0,0,0,0,0,"",,1
200143248,100132589,,18,2018-01-19,08:21:00,17:24:00,09.03,0,0,0,0,0,0,0,0,0,"",,1
200143248,100132589,OD,19,2018-01-20,00:00:00,00:00:00,0.00,0,0,0,0,0,0,0,0,0,"Off Day",,1
200143248,100132589,RD,20,2018-01-21,00:00:00,00:00:00,0.00,0,0,0,0,0,0,0,0,0,"Rest Day",,1
200143248,100132589,,21,2018-01-22,08:40:00,17:50:00,09.10,0,0,0,0,0,0,0,0,0,"",,1
200143248,100132589,,22,2018-01-23,08:53:00,18:03:00,09.10,0,0,0,0,0,0,0,0,0,"",,1
200143248,100132589,,23,2018-01-24,08:37:00,17:54:00,09.17,0,0,0,0,0,0,0,0,0,"",,1
200143248,100132589,,24,2018-01-25,08:20:00,17:33:00,09.13,0,0,0,0,0,0,0,0,0,"",,1
200143248,100132589,,25,2018-01-26,08:37:00,17:37:00,09.00,0,0,0,0,0,0,0,0,0,"",,1
200143248,100132589,OD,26,2018-01-27,00:00:00,00:00:00,0.00,0,0,0,0,0,0,0,0,0,"Off Day",,1
200143248,100132589,RD,27,2018-01-28,00:00:00,00:00:00,0.00,0,0,0,0,0,0,0,0,0,"Rest Day",,1
200143248,100132589,,28,2018-01-29,08:40:00,17:59:00,09.19,0,0,0,0,0,0,0,0,0,"",,1
200143248,100132589,,29,2018-01-30,08:37:00,17:48:00,09.11,0,0,0,0,0,0,0,0,0,"",,1
200143248,100132589,NPL,30,2018-01-31,00:00:00,00:00:00,0.00,0,0,0,0,0,0,0,0,0,"Thaipusam",,1
200141516,100130666,NPL,0,2018-01-01,00:00:00,00:00:00,0.00,0,0,0,0,0,0,0,0,0,"New Year Day",,1
200141516,100130666,,1,2018-01-02,09:30:00,19:12:00,09.42,0,0,0,0,0,0,0,0,0,"",,1
200141516,100130666,,2,2018-01-03,09:28:00,19:06:00,09.38,0,0,0,0,0,0,0,0,0,"",,1
200141516,100130666,,3,2018-01-04,09:29:00,20:06:00,10.37,0,0,0,0,0,0,0,0,0,"",,1
200141516,100130666,,4,2018-01-05,09:40:00,13:06:00,03.26,0,0,0,0,0,0,0,0,0,"",,1
200141516,100130666,OD,5,2018-01-06,00:00:00,00:00:00,0.00,0,0,0,0,0,0,0,0,0,"Off Day",,1
200141516,100130666,RD,6,2018-01-07,00:00:00,00:00:00,0.00,0,0,0,0,0,0,0,0,0,"Rest Day",,1
200141516,100130666,,7,2018-01-08,09:05:00,18:31:00,09.26,0,0,0,0,0,0,0,0,0,"",,1
200141516,100130666,,8,2018-01-09,09:36:00,18:42:00,09.06,0,0,0,0,0,0,0,0,0,"",,1
200141516,100130666,,9,2018-01-10,09:39:00,18:54:00,09.15,0,0,0,0,0,0,0,0,0,"",,1
200141516,100130666,,10,2018-01-11,09:46:00,18:50:00,09.04,0,0,0,0,0,0,0,0,0,"",,1
200141516,100130666,AL,11,2018-01-12,00:00:00,00:00:00,0.0,0,0,0,0,0,0,0,0,0,"",FULL DAY,1
200141516,100130666,AL,12,2018-01-13,00:00:00,00:00:00,0.0,0,0,0,0,0,0,0,0,0,"",FULL DAY,1
200141516,100130666,AL,13,2018-01-14,00:00:00,00:00:00,0.0,0,0,0,0,0,0,0,0,0,"",FULL DAY,1
200141516,100130666,AL,14,2018-01-15,00:00:00,00:00:00,0.0,0,0,0,0,0,0,0,0,0,"",FULL DAY,1
200141516,100130666,,15,2018-01-16,09:29:00,18:45:00,09.16,0,0,0,0,0,0,0,0,0,"",,1
200141516,100130666,,16,2018-01-17,09:55:00,19:01:00,09.06,0,0,0,0,0,0,0,0,0,"",,1
200141516,100130666,,17,2018-01-18,09:48:00,20:11:00,10.23,0,0,0,0,0,0,0,0,0,"",,1
200141516,100130666,,18,2018-01-19,08:42:00,18:43:00,10.01,0,0,0,0,0,0,0,0,0,"",,1
200141516,100130666,OD,19,2018-01-20,00:00:00,00:00:00,0.00,0,0,0,0,0,0,0,0,0,"Off Day",,1
200141516,100130666,RD,20,2018-01-21,00:00:00,00:00:00,0.00,0,0,0,0,0,0,0,0,0,"Rest Day",,1
200141516,100130666,,21,2018-01-22,09:38:00,18:45:00,09.07,0,0,0,0,0,0,0,0,0,"",,1
200141516,100130666,MC,22,2018-01-23,00:00:00,00:00:00,0.0,0,0,0,0,0,0,0,0,0,"",FULL DAY,1
200141516,100130666,,23,2018-01-24,09:29:00,18:44:00,09.15,0,0,0,0,0,0,0,0,0,"",,1
200141516,100130666,,24,2018-01-25,09:39:00,18:50:00,09.11,0,0,0,0,0,0,0,0,0,"",,1
200141516,100130666,,25,2018-01-26,09:49:00,18:45:00,08.56,0,0,0,0,0,0,0,0,0,"",,1
200141516,100130666,OD,26,2018-01-27,00:00:00,00:00:00,0.00,0,0,0,0,0,0,0,0,0,"Off Day",,1
200141516,100130666,RD,27,2018-01-28,00:00:00,00:00:00,0.00,0,0,0,0,0,0,0,0,0,"Rest Day",,1
200141516,100130666,,28,2018-01-29,09:23:00,18:26:00,09.03,0,0,0,0,0,0,0,0,0,"",,1
200141516,100130666,,29,2018-01-30,09:31:00,19:56:00,10.25,0,0,0,0,0,0,0,0,0,"",,1
200141516,100130666,NPL,30,2018-01-31,00:00:00,00:00:00,0.00,0,0,0,0,0,0,0,0,0,"Thaipusam",,1
200143095,100132485,NPL,0,2018-01-01,00:00:00,00:00:00,0.00,0,0,0,0,0,0,0,0,0,"New Year Day",,1
200143095,100132485,,1,2018-01-02,08:56:00,18:31:00,09.35,0,0,0,0,0,0,0,0,0,"",,1
200143095,100132485,,2,2018-01-03,08:59:00,18:37:00,09.38,0,0,0,0,0,0,0,0,0,"",,1
200143095,100132485,,3,2018-01-04,08:52:00,18:50:00,09.58,0,0,0,0,0,0,0,0,0,"",,1
200143095,100132485,,4,2018-01-05,08:54:00,13:33:00,04.39,0,0,0,0,0,0,0,0,0,"",,1
200143095,100132485,OD,5,2018-01-06,09:55:00,18:08:00,08.13,0,0,0,0,0,0,0,0,0,"Off Day",,1
200143095,100132485,RD,6,2018-01-07,00:00:00,00:00:00,0.00,0,0,0,0,0,0,0,0,0,"Rest Day",,1
200143095,100132485,,7,2018-01-08,09:02:00,19:05:00,10.03,0,0,0,0,0,0,0,0,0,"",,1
200143095,100132485,,8,2018-01-09,08:47:00,18:52:00,10.05,0,0,0,0,0,0,0,0,0,"",,1
200143095,100132485,,9,2018-01-10,08:52:00,18:38:00,09.46,0,0,0,0,0,0,0,0,0,"",,1
200143095,100132485,,10,2018-01-11,09:00:00,18:35:00,09.35,0,0,0,0,0,0,0,0,0,"",,1
200143095,100132485,,11,2018-01-12,09:01:00,18:21:00,09.20,0,0,0,0,0,0,0,0,0,"",,1
200143095,100132485,OD,12,2018-01-13,00:00:00,00:00:00,0.00,0,0,0,0,0,0,0,0,0,"Off Day",,1
200143095,100132485,RD,13,2018-01-14,00:00:00,00:00:00,0.00,0,0,0,0,0,0,0,0,0,"Rest Day",,1
200143095,100132485,,14,2018-01-15,08:57:00,19:00:00,10.03,0,0,0,0,0,0,0,0,0,"",,1
200143095,100132485,,15,2018-01-16,09:00:00,18:47:00,09.47,0,0,0,0,0,0,0,0,0,"",,1
200143095,100132485,,16,2018-01-17,08:55:00,19:32:00,10.37,0,0,0,0,0,0,0,0,0,"",,1
200143095,100132485,,17,2018-01-18,08:53:00,19:45:00,10.52,0,0,0,0,0,0,0,0,0,"",,1
200143095,100132485,,18,2018-01-19,08:54:00,18:51:00,09.57,0,0,0,0,0,0,0,0,0,"",,1
200143095,100132485,OD,19,2018-01-20,00:00:00,00:00:00,0.00,0,0,0,0,0,0,0,0,0,"Off Day",,1
200143095,100132485,RD,20,2018-01-21,00:00:00,00:00:00,0.00,0,0,0,0,0,0,0,0,0,"Rest Day",,1
200143095,100132485,,21,2018-01-22,09:03:00,19:40:00,10.37,0,0,0,0,0,0,0,0,0,"",,1
200143095,100132485,,22,2018-01-23,09:11:00,19:53:00,10.42,0,0,0,0,0,0,0,0,0,"",,1
200143095,100132485,,23,2018-01-24,09:03:00,19:48:00,10.45,0,0,0,0,0,0,0,0,0,"",,1
200143095,100132485,,24,2018-01-25,09:03:00,18:48:00,09.45,0,0,0,0,0,0,0,0,0,"",,1
200143095,100132485,,25,2018-01-26,08:43:00,20:18:00,11.35,0,0,0,0,0,0,0,0,0,"",,1
200143095,100132485,OD,26,2018-01-27,00:00:00,00:00:00,0.00,0,0,0,0,0,0,0,0,0,"Off Day",,1
200143095,100132485,RD,27,2018-01-28,00:00:00,00:00:00,0.00,0,0,0,0,0,0,0,0,0,"Rest Day",,1
200143095,100132485,NPL,28,2018-01-29,00:00:00,00:00:00,0.00,0,0,0,0,0,0,0,0,0,"Absent",,1
200143095,100132485,NPL,29,2018-01-30,00:00:00,00:00:00,0.00,0,0,0,0,0,0,0,0,0,"Absent",,1
200143095,100132485,NPL,30,2018-01-31,00:00:00,00:00:00,0.00,0,0,0,0,0,0,0,0,0,"Thaipusam",,1
200143096,100132484,NPL,0,2018-01-01,00:00:00,00:00:00,0.00,0,0,0,0,0,0,0,0,0,"New Year Day",,1
200143096,100132484,,1,2018-01-02,08:14:00,17:50:00,09.36,0,0,0,0,0,0,0,0,0,"",,1
200143096,100132484,,2,2018-01-03,08:13:00,17:39:00,09.26,0,0,0,0,0,0,0,0,0,"",,1
200143096,100132484,,3,2018-01-04,08:12:00,17:26:00,09.14,0,0,0,0,0,0,0,0,0,"",,1
200143096,100132484,,4,2018-01-05,08:16:00,17:29:00,09.13,0,0,0,0,0,0,0,0,0,"",,1
200143096,100132484,OD,5,2018-01-06,00:00:00,00:00:00,0.00,0,0,0,0,0,0,0,0,0,"Off Day",,1
200143096,100132484,RD,6,2018-01-07,00:00:00,00:00:00,0.00,0,0,0,0,0,0,0,0,0,"Rest Day",,1
200143096,100132484,,7,2018-01-08,08:21:00,17:39:00,09.18,0,0,0,0,0,0,0,0,0,"",,1
200143096,100132484,,8,2018-01-09,08:10:00,18:03:00,09.53,0,0,0,0,0,0,0,0,0,"",,1
200143096,100132484,,9,2018-01-10,08:19:00,17:47:00,09.28,0,0,0,0,0,0,0,0,0,"",,1
200143096,100132484,,10,2018-01-11,08:14:00,17:30:00,09.16,0,0,0,0,0,0,0,0,0,"",,1
200143096,100132484,,11,2018-01-12,08:09:00,17:25:00,09.16,0,0,0,0,0,0,0,0,0,"",,1
200143096,100132484,OD,12,2018-01-13,00:00:00,00:00:00,0.00,0,0,0,0,0,0,0,0,0,"Off Day",,1
200143096,100132484,RD,13,2018-01-14,00:00:00,00:00:00,0.00,0,0,0,0,0,0,0,0,0,"Rest Day",,1
200143096,100132484,,14,2018-01-15,08:09:00,18:05:00,09.56,0,0,0,0,0,0,0,0,0,"",,1
200143096,100132484,,15,2018-01-16,08:16:00,19:18:00,11.02,0,0,0,0,0,0,0,0,0,"",,1
200143096,100132484,,16,2018-01-17,08:12:00,19:58:00,11.46,0,0,0,0,0,0,0,0,0,"",,1
200143096,100132484,,17,2018-01-18,08:15:00,17:50:00,09.35,0,0,0,0,0,0,0,0,0,"",,1
200143096,100132484,,18,2018-01-19,08:13:00,19:31:00,11.18,0,0,0,0,0,0,0,0,0,"",,1
200143096,100132484,OD,19,2018-01-20,00:00:00,00:00:00,0.00,0,0,0,0,0,0,0,0,0,"Off Day",,1
200143096,100132484,RD,20,2018-01-21,00:00:00,00:00:00,0.00,0,0,0,0,0,0,0,0,0,"Rest Day",,1
200143096,100132484,,21,2018-01-22,08:22:00,18:19:00,09.57,0,0,0,0,0,0,0,0,0,"",,1
200143096,100132484,,22,2018-01-23,08:23:00,14:08:00,05.45,0,0,0,0,0,0,0,0,0,"",,1
200143096,100132484,,23,2018-01-24,08:10:00,14:27:00,06.17,0,0,0,0,0,0,0,0,0,"",,1
200143096,100132484,,24,2018-01-25,08:13:00,17:29:00,09.16,0,0,0,0,0,0,0,0,0,"",,1
200143096,100132484,,25,2018-01-26,08:10:00,19:12:00,11.02,0,0,0,0,0,0,0,0,0,"",,1
200143096,100132484,OD,26,2018-01-27,00:00:00,00:00:00,0.00,0,0,0,0,0,0,0,0,0,"Off Day",,1
200143096,100132484,RD,27,2018-01-28,00:00:00,00:00:00,0.00,0,0,0,0,0,0,0,0,0,"Rest Day",,1
200143096,100132484,NPL,28,2018-01-29,00:00:00,00:00:00,0.00,0,0,0,0,0,0,0,0,0,"Absent",,1
200143096,100132484,NPL,29,2018-01-30,00:00:00,00:00:00,0.00,0,0,0,0,0,0,0,0,0,"Absent",,1
200143096,100132484,NPL,30,2018-01-31,00:00:00,00:00:00,0.00,0,0,0,0,0,0,0,0,0,"Thaipusam",,1
200142810,100132348,NPL,0,2018-01-01,00:00:00,00:00:00,0.00,0,0,0,0,0,0,0,0,0,"New Year Day",,1
200142810,100132348,,1,2018-01-02,08:31:00,18:02:00,09.31,0,0,0,0,0,0,0,0,0,"",,1
200142810,100132348,,2,2018-01-03,08:39:00,19:21:00,10.42,0,0,0,0,0,0,0,0,0,"",,1
200142810,100132348,,3,2018-01-04,08:46:00,18:05:00,09.19,0,0,0,0,0,0,0,0,0,"",,1
200142810,100132348,RL,4,2018-01-05,12:00:00,16:00:00,4.0,0,0,0,0,0,0,0,0,0,"",AM,1
200142810,100132348,OD,5,2018-01-06,00:00:00,00:00:00,0.00,0,0,0,0,0,0,0,0,0,"Off Day",,1
200142810,100132348,RD,6,2018-01-07,00:00:00,00:00:00,0.00,0,0,0,0,0,0,0,0,0,"Rest Day",,1
200142810,100132348,,7,2018-01-08,08:53:00,17:57:00,09.04,0,0,0,0,0,0,0,0,0,"",,1
200142810,100132348,,8,2018-01-09,09:04:00,18:06:00,09.02,0,0,0,0,0,0,0,0,0,"",,1
200142810,100132348,,9,2018-01-10,08:46:00,18:13:00,09.27,0,0,0,0,0,0,0,0,0,"",,1
200142810,100132348,,10,2018-01-11,08:52:00,18:47:00,09.55,0,0,0,0,0,0,0,0,0,"",,1
200142810,100132348,,11,2018-01-12,07:44:00,18:38:00,10.54,0,0,0,0,0,0,0,0,0,"",,1
200142810,100132348,OD,12,2018-01-13,00:00:00,00:00:00,0.00,0,0,0,0,0,0,0,0,0,"Off Day",,1
200142810,100132348,RD,13,2018-01-14,00:00:00,00:00:00,0.00,0,0,0,0,0,0,0,0,0,"Rest Day",,1
200142810,100132348,NPL,14,2018-01-15,00:00:00,00:00:00,0.00,0,0,0,0,0,0,0,0,0,"Absent",,1
200142810,100132348,,15,2018-01-16,08:47:00,17:59:00,09.12,0,0,0,0,0,0,0,0,0,"",,1
200142810,100132348,,16,2018-01-17,08:53:00,18:11:00,09.18,0,0,0,0,0,0,0,0,0,"",,1
200142810,100132348,,17,2018-01-18,08:32:00,20:11:00,11.39,0,0,0,0,0,0,0,0,0,"",,1
200142810,100132348,,18,2018-01-19,08:23:00,18:38:00,10.15,0,0,0,0,0,0,0,0,0,"",,1
200142810,100132348,OD,19,2018-01-20,00:00:00,00:00:00,0.00,0,0,0,0,0,0,0,0,0,"Off Day",,1
200142810,100132348,RD,20,2018-01-21,00:00:00,00:00:00,0.00,0,0,0,0,0,0,0,0,0,"Rest Day",,1
200142810,100132348,,21,2018-01-22,08:18:00,18:40:00,10.22,0,0,0,0,0,0,0,0,0,"",,1
200142810,100132348,,22,2018-01-23,08:32:00,19:07:00,10.35,0,0,0,0,0,0,0,0,0,"",,1
200142810,100132348,,23,2018-01-24,08:41:00,19:17:00,10.36,0,0,0,0,0,0,0,0,0,"",,1
200142810,100132348,,24,2018-01-25,08:57:00,19:02:00,10.05,0,0,0,0,0,0,0,0,0,"",,1
200142810,100132348,,25,2018-01-26,09:11:00,18:40:00,09.29,0,0,0,0,0,0,0,0,0,"",,1
200142810,100132348,OD,26,2018-01-27,00:00:00,00:00:00,0.00,0,0,0,0,0,0,0,0,0,"Off Day",,1
200142810,100132348,RD,27,2018-01-28,00:00:00,00:00:00,0.00,0,0,0,0,0,0,0,0,0,"Rest Day",,1
200142810,100132348,,28,2018-01-29,08:34:00,17:39:00,09.05,0,0,0,0,0,0,0,0,0,"",,1
200142810,100132348,,29,2018-01-30,08:26:00,17:37:00,09.11,0,0,0,0,0,0,0,0,0,"",,1
200142810,100132348,NPL,30,2018-01-31,00:00:00,00:00:00,0.00,0,0,0,0,0,0,0,0,0,"Thaipusam",,1
200143867,100132935,NPL,0,2018-01-01,00:00:00,00:00:00,0.00,0,0,0,0,0,0,0,0,0,"New Year Day",,1
200143867,100132935,,1,2018-01-02,08:25:00,17:26:00,09.01,0,0,0,0,0,0,0,0,0,"",,1
200143867,100132935,,2,2018-01-03,08:20:00,17:26:00,09.06,0,0,0,0,0,0,0,0,0,"",,1
200143867,100132935,,3,2018-01-04,08:53:00,17:55:00,09.02,0,0,0,0,0,0,0,0,0,"",,1
200143867,100132935,,4,2018-01-05,08:36:00,12:39:00,04.03,0,0,0,0,0,0,0,0,0,"",,1
200143867,100132935,OD,5,2018-01-06,00:00:00,00:00:00,0.00,0,0,0,0,0,0,0,0,0,"Off Day",,1
200143867,100132935,RD,6,2018-01-07,00:00:00,00:00:00,0.00,0,0,0,0,0,0,0,0,0,"Rest Day",,1
200143867,100132935,,7,2018-01-08,08:24:00,17:24:00,09.00,0,0,0,0,0,0,0,0,0,"",,1
200143867,100132935,,8,2018-01-09,08:57:00,19:29:00,10.32,0,0,0,0,0,0,0,0,0,"",,1
200143867,100132935,,9,2018-01-10,09:07:00,18:09:00,09.02,0,0,0,0,0,0,0,0,0,"",,1
200143867,100132935,,10,2018-01-11,07:45:00,16:46:00,09.01,0,0,0,0,0,0,0,0,0,"",,1
200143867,100132935,,11,2018-01-12,08:00:00,17:02:00,09.02,0,0,0,0,0,0,0,0,0,"",,1
200143867,100132935,OD,12,2018-01-13,00:00:00,00:00:00,0.00,0,0,0,0,0,0,0,0,0,"Off Day",,1
200143867,100132935,RD,13,2018-01-14,00:00:00,00:00:00,0.00,0,0,0,0,0,0,0,0,0,"Rest Day",,1
200143867,100132935,NPL,14,2018-01-15,00:00:00,00:00:00,0.0,0,0,0,0,0,0,0,0,0,"Kindly take note that Retail Marketing Senior Manager, Ms Adeline Lum has agreed for leaves in advance. ",FULL DAY,1
200143867,100132935,NPL,15,2018-01-16,00:00:00,00:00:00,0.0,0,0,0,0,0,0,0,0,0,"Medical Leave. ",FULL DAY,1
200143867,100132935,,16,2018-01-17,08:21:00,17:23:00,09.02,0,0,0,0,0,0,0,0,0,"",,1
200143867,100132935,,17,2018-01-18,08:41:00,17:45:00,09.04,0,0,0,0,0,0,0,0,0,"",,1
200143867,100132935,,18,2018-01-19,07:54:00,17:04:00,09.10,0,0,0,0,0,0,0,0,0,"",,1
200143867,100132935,OD,19,2018-01-20,11:09:00,11:23:00,0.00,0,0,0,0,0,0,0,0,0,"Off Day",,1
200143867,100132935,RD,20,2018-01-21,00:00:00,00:00:00,0.00,0,0,0,0,0,0,0,0,0,"Rest Day",,1
200143867,100132935,,21,2018-01-22,08:43:00,17:43:00,09.00,0,0,0,0,0,0,0,0,0,"",,1
200143867,100132935,,22,2018-01-23,09:09:00,18:11:00,09.02,0,0,0,0,0,0,0,0,0,"",,1
200143867,100132935,,23,2018-01-24,08:50:00,17:05:00,08.15,0,0,0,0,0,0,0,0,0,"",,1
200143867,100132935,,24,2018-01-25,13:34:00,17:05:00,03.31,0,0,0,0,0,0,0,0,0,"",,1
200143867,100132935,,25,2018-01-26,07:44:00,16:42:00,08.58,0,0,0,0,0,0,0,0,0,"",,1
200143867,100132935,OD,26,2018-01-27,00:00:00,00:00:00,0.00,0,0,0,0,0,0,0,0,0,"Off Day",,1
200143867,100132935,RD,27,2018-01-28,00:00:00,00:00:00,0.00,0,0,0,0,0,0,0,0,0,"Rest Day",,1
200143867,100132935,,28,2018-01-29,08:32:00,17:41:00,09.09,0,0,0,0,0,0,0,0,0,"",,1
200143867,100132935,,29,2018-01-30,09:17:00,18:17:00,09.00,0,0,0,0,0,0,0,0,0,"",,1
200143867,100132935,NPL,30,2018-01-31,00:00:00,00:00:00,0.00,0,0,0,0,0,0,0,0,0,"Thaipusam",,1
200141520,100130920,NPL,0,2018-01-01,00:00:00,00:00:00,0.00,0,0,0,0,0,0,0,0,0,"New Year Day",,1
200141520,100130920,,1,2018-01-02,07:33:00,17:23:00,09.50,0,0,0,0,0,0,0,0,0,"",,1
200141520,100130920,,2,2018-01-03,07:34:00,17:30:00,09.56,0,0,0,0,0,0,0,0,0,"",,1
200141520,100130920,,3,2018-01-04,07:31:00,17:04:00,09.33,0,0,0,0,0,0,0,0,0,"",,1
200141520,100130920,,4,2018-01-05,07:34:00,13:10:00,05.36,0,0,0,0,0,0,0,0,0,"",,1
200141520,100130920,OD,5,2018-01-06,00:00:00,00:00:00,0.00,0,0,0,0,0,0,0,0,0,"Off Day",,1
200141520,100130920,RD,6,2018-01-07,00:00:00,00:00:00,0.00,0,0,0,0,0,0,0,0,0,"Rest Day",,1
200141520,100130920,,7,2018-01-08,07:36:00,18:30:00,10.54,0,0,0,0,0,0,0,0,0,"",,1
200141520,100130920,,8,2018-01-09,08:03:00,19:18:00,11.15,0,0,0,0,0,0,0,0,0,"",,1
200141520,100130920,,9,2018-01-10,07:32:00,18:27:00,10.55,0,0,0,0,0,0,0,0,0,"",,1
200141520,100130920,,10,2018-01-11,08:03:00,17:38:00,09.35,0,0,0,0,0,0,0,0,0,"",,1
200141520,100130920,,11,2018-01-12,08:00:00,22:10:00,14.10,0,0,0,0,0,0,0,0,0,"",,1
200141520,100130920,OD,12,2018-01-13,00:00:00,00:00:00,0.00,0,0,0,0,0,0,0,0,0,"Off Day",,1
200141520,100130920,RD,13,2018-01-14,00:00:00,00:00:00,0.00,0,0,0,0,0,0,0,0,0,"Rest Day",,1
200141520,100130920,,14,2018-01-15,07:36:00,20:35:00,12.59,0,0,0,0,0,0,0,0,0,"",,1
200141520,100130920,,15,2018-01-16,07:31:00,17:32:00,10.01,0,0,0,0,0,0,0,0,0,"",,1
200141520,100130920,,16,2018-01-17,07:33:00,17:19:00,09.46,0,0,0,0,0,0,0,0,0,"",,1
200141520,100130920,,17,2018-01-18,08:07:00,20:31:00,12.24,0,0,0,0,0,0,0,0,0,"",,1
200141520,100130920,,18,2018-01-19,07:42:00,20:39:00,12.57,0,0,0,0,0,0,0,0,0,"",,1
200141520,100130920,OD,19,2018-01-20,00:00:00,00:00:00,0.00,0,0,0,0,0,0,0,0,0,"Off Day",,1
200141520,100130920,RD,20,2018-01-21,00:00:00,00:00:00,0.00,0,0,0,0,0,0,0,0,0,"Rest Day",,1
200141520,100130920,NPL,21,2018-01-22,00:00:00,00:00:00,0.00,0,0,0,0,0,0,0,0,0,"Absent",,1
200141520,100130920,,22,2018-01-23,08:17:00,17:53:00,09.36,0,0,0,0,0,0,0,0,0,"",,1
200141520,100130920,,23,2018-01-24,07:30:00,18:35:00,11.05,0,0,0,0,0,0,0,0,0,"",,1
200141520,100130920,AL,24,2018-01-25,00:00:00,00:00:00,0.0,0,0,0,0,0,0,0,0,0,"",FULL DAY,1
200141520,100130920,,25,2018-01-26,07:37:00,19:02:00,11.25,0,0,0,0,0,0,0,0,0,"",,1
200141520,100130920,OD,26,2018-01-27,00:00:00,00:00:00,0.00,0,0,0,0,0,0,0,0,0,"Off Day",,1
200141520,100130920,RD,27,2018-01-28,00:00:00,00:00:00,0.00,0,0,0,0,0,0,0,0,0,"Rest Day",,1
200141520,100130920,,28,2018-01-29,08:20:00,18:55:00,10.35,0,0,0,0,0,0,0,0,0,"",,1
200141520,100130920,,29,2018-01-30,07:59:00,19:23:00,11.24,0,0,0,0,0,0,0,0,0,"",,1
200141520,100130920,NPL,30,2018-01-31,00:00:00,00:00:00,0.00,0,0,0,0,0,0,0,0,0,"Thaipusam",,1
200141809,100131769,NPL,0,2018-01-01,00:00:00,00:00:00,0.00,0,0,0,0,0,0,0,0,0,"New Year Day",,1
200141809,100131769,AL,1,2018-01-02,00:00:00,00:00:00,0.0,0,0,0,0,0,0,0,0,0,"",FULL DAY,1
200141809,100131769,AL,2,2018-01-03,00:00:00,00:00:00,0.0,0,0,0,0,0,0,0,0,0,"",FULL DAY,1
200141809,100131769,AL,3,2018-01-04,00:00:00,00:00:00,0.0,0,0,0,0,0,0,0,0,0,"",FULL DAY,1
200141809,100131769,AL,4,2018-01-05,00:00:00,00:00:00,0.0,0,0,0,0,0,0,0,0,0,"",FULL DAY,1
200141809,100131769,OD,5,2018-01-06,00:00:00,00:00:00,0.00,0,0,0,0,0,0,0,0,0,"Off Day",,1
200141809,100131769,RD,6,2018-01-07,00:00:00,00:00:00,0.00,0,0,0,0,0,0,0,0,0,"Rest Day",,1
200141809,100131769,,7,2018-01-08,07:48:00,16:49:00,09.01,0,0,0,0,0,0,0,0,0,"",,1
200141809,100131769,,8,2018-01-09,07:44:00,16:48:00,09.04,0,0,0,0,0,0,0,0,0,"",,1
200141809,100131769,,9,2018-01-10,08:18:00,17:21:00,09.03,0,0,0,0,0,0,0,0,0,"",,1
200141809,100131769,,10,2018-01-11,07:53:00,17:01:00,09.08,0,0,0,0,0,0,0,0,0,"",,1
200141809,100131769,,11,2018-01-12,07:21:00,16:32:00,09.11,0,0,0,0,0,0,0,0,0,"",,1
200141809,100131769,OD,12,2018-01-13,00:00:00,00:00:00,0.00,0,0,0,0,0,0,0,0,0,"Off Day",,1
200141809,100131769,RD,13,2018-01-14,00:00:00,00:00:00,0.00,0,0,0,0,0,0,0,0,0,"Rest Day",,1
200141809,100131769,,14,2018-01-15,07:13:00,16:48:00,09.35,0,0,0,0,0,0,0,0,0,"",,1
200141809,100131769,,15,2018-01-16,09:11:00,18:13:00,09.02,0,0,0,0,0,0,0,0,0,"",,1
200141809,100131769,,16,2018-01-17,07:21:00,16:32:00,09.11,0,0,0,0,0,0,0,0,0,"",,1
200141809,100131769,,17,2018-01-18,07:25:00,16:36:00,09.11,0,0,0,0,0,0,0,0,0,"",,1
200141809,100131769,,18,2018-01-19,07:25:00,16:31:00,09.06,0,0,0,0,0,0,0,0,0,"",,1
200141809,100131769,OD,19,2018-01-20,00:00:00,00:00:00,0.00,0,0,0,0,0,0,0,0,0,"Off Day",,1
200141809,100131769,RD,20,2018-01-21,00:00:00,00:00:00,0.00,0,0,0,0,0,0,0,0,0,"Rest Day",,1
200141809,100131769,,21,2018-01-22,07:44:00,16:48:00,09.04,0,0,0,0,0,0,0,0,0,"",,1
200141809,100131769,,22,2018-01-23,07:25:00,16:36:00,09.11,0,0,0,0,0,0,0,0,0,"",,1
200141809,100131769,,23,2018-01-24,07:25:00,16:36:00,09.11,0,0,0,0,0,0,0,0,0,"",,1
200141809,100131769,,24,2018-01-25,07:25:00,16:43:00,09.18,0,0,0,0,0,0,0,0,0,"",,1
200141809,100131769,,25,2018-01-26,07:26:00,17:34:00,10.08,0,0,0,0,0,0,0,0,0,"",,1
200141809,100131769,OD,26,2018-01-27,00:00:00,00:00:00,0.00,0,0,0,0,0,0,0,0,0,"Off Day",,1
200141809,100131769,RD,27,2018-01-28,00:00:00,00:00:00,0.00,0,0,0,0,0,0,0,0,0,"Rest Day",,1
200141809,100131769,,28,2018-01-29,07:25:00,16:40:00,09.15,0,0,0,0,0,0,0,0,0,"",,1
200141809,100131769,,29,2018-01-30,07:28:00,16:33:00,09.05,0,0,0,0,0,0,0,0,0,"",,1
200141809,100131769,NPL,30,2018-01-31,00:00:00,00:00:00,0.00,0,0,0,0,0,0,0,0,0,"Thaipusam",,1
200141552,100129853,NPL,0,2018-01-01,00:00:00,00:00:00,0.00,0,0,0,0,0,0,0,0,0,"New Year Day",,1
200141552,100129853,AL,1,2018-01-02,00:00:00,00:00:00,0.0,0,0,0,0,0,0,0,0,0,"Personal Matter",FULL DAY,1
200141552,100129853,,2,2018-01-03,08:58:00,18:07:00,09.09,0,0,0,0,0,0,0,0,0,"",,1
200141552,100129853,,3,2018-01-04,08:57:00,18:14:00,09.17,0,0,0,0,0,0,0,0,0,"",,1
200141552,100129853,,4,2018-01-05,09:35:00,13:32:00,03.57,0,0,0,0,0,0,0,0,0,"",,1
200141552,100129853,OD,5,2018-01-06,00:00:00,00:00:00,0.00,0,0,0,0,0,0,0,0,0,"Off Day",,1
200141552,100129853,RD,6,2018-01-07,00:00:00,00:00:00,0.00,0,0,0,0,0,0,0,0,0,"Rest Day",,1
200141552,100129853,,7,2018-01-08,08:48:00,18:32:00,09.44,0,0,0,0,0,0,0,0,0,"",,1
200141552,100129853,,8,2018-01-09,09:17:00,18:51:00,09.34,0,0,0,0,0,0,0,0,0,"",,1
200141552,100129853,,9,2018-01-10,09:04:00,18:24:00,09.20,0,0,0,0,0,0,0,0,0,"",,1
200141552,100129853,,10,2018-01-11,08:48:00,15:44:00,06.56,0,0,0,0,0,0,0,0,0,"",,1
200141552,100129853,,11,2018-01-12,09:13:00,18:35:00,09.22,0,0,0,0,0,0,0,0,0,"",,1
200141552,100129853,OD,12,2018-01-13,10:09:00,18:28:00,08.19,0,0,0,0,0,0,0,0,0,"Off Day",,1
200141552,100129853,RD,13,2018-01-14,00:00:00,00:00:00,0.00,0,0,0,0,0,0,0,0,0,"Rest Day",,1
200141552,100129853,,14,2018-01-15,08:48:00,17:51:00,09.03,0,0,0,0,0,0,0,0,0,"",,1
200141552,100129853,,15,2018-01-16,08:38:00,18:26:00,09.48,0,0,0,0,0,0,0,0,0,"",,1
200141552,100129853,,16,2018-01-17,09:02:00,18:37:00,09.35,0,0,0,0,0,0,0,0,0,"",,1
200141552,100129853,,17,2018-01-18,08:55:00,18:00:00,09.05,0,0,0,0,0,0,0,0,0,"",,1
200141552,100129853,,18,2018-01-19,09:09:00,18:21:00,09.12,0,0,0,0,0,0,0,0,0,"",,1
200141552,100129853,OD,19,2018-01-20,00:00:00,00:00:00,0.00,0,0,0,0,0,0,0,0,0,"Off Day",,1
200141552,100129853,RD,20,2018-01-21,00:00:00,00:00:00,0.00,0,0,0,0,0,0,0,0,0,"Rest Day",,1
200141552,100129853,,21,2018-01-22,09:06:00,18:50:00,09.44,0,0,0,0,0,0,0,0,0,"",,1
200141552,100129853,,22,2018-01-23,08:49:00,18:13:00,09.24,0,0,0,0,0,0,0,0,0,"",,1
200141552,100129853,,23,2018-01-24,08:58:00,12:11:00,03.13,0,0,0,0,0,0,0,0,0,"",,1
200141552,100129853,,24,2018-01-25,08:55:00,18:00:00,09.05,0,0,0,0,0,0,0,0,0,"",,1
200141552,100129853,,25,2018-01-26,09:07:00,18:26:00,09.19,0,0,0,0,0,0,0,0,0,"",,1
200141552,100129853,OD,26,2018-01-27,09:38:00,13:47:00,04.09,0,0,0,0,0,0,0,0,0,"Off Day",,1
200141552,100129853,RD,27,2018-01-28,00:00:00,00:00:00,0.00,0,0,0,0,0,0,0,0,0,"Rest Day",,1
200141552,100129853,,28,2018-01-29,08:56:00,18:08:00,09.12,0,0,0,0,0,0,0,0,0,"",,1
200141552,100129853,,29,2018-01-30,08:04:00,17:46:00,09.42,0,0,0,0,0,0,0,0,0,"",,1
200141552,100129853,NPL,30,2018-01-31,00:00:00,00:00:00,0.00,0,0,0,0,0,0,0,0,0,"Thaipusam",,1
200143948,100133019,,0,2018-01-01,10:55:00,16:09:00,05.14,0,0,0,0,0,0,0,0,0,"New Year Day",,1
200143948,100133019,,1,2018-01-02,08:39:00,17:58:00,09.19,0,0,0,0,0,0,0,0,0,"",,1
200143948,100133019,,2,2018-01-03,08:59:00,17:27:00,08.28,0,0,0,0,0,0,0,0,0,"",,1
200143948,100133019,,3,2018-01-04,09:29:00,18:31:00,09.02,0,0,0,0,0,0,0,0,0,"",,1
200143948,100133019,,4,2018-01-05,09:02:00,12:45:00,03.43,0,0,0,0,0,0,0,0,0,"",,1
200143948,100133019,OD,5,2018-01-06,00:00:00,00:00:00,0.00,0,0,0,0,0,0,0,0,0,"Off Day",,1
200143948,100133019,RD,6,2018-01-07,00:00:00,00:00:00,0.00,0,0,0,0,0,0,0,0,0,"Rest Day",,1
200143948,100133019,,7,2018-01-08,08:47:00,17:51:00,09.04,0,0,0,0,0,0,0,0,0,"",,1
200143948,100133019,,8,2018-01-09,08:57:00,19:04:00,10.07,0,0,0,0,0,0,0,0,0,"",,1
200143948,100133019,,9,2018-01-10,09:45:00,19:01:00,09.16,0,0,0,0,0,0,0,0,0,"",,1
200143948,100133019,,10,2018-01-11,09:35:00,18:40:00,09.05,0,0,0,0,0,0,0,0,0,"",,1
200143948,100133019,,11,2018-01-12,09:27:00,18:44:00,09.17,0,0,0,0,0,0,0,0,0,"",,1
200143948,100133019,OD,12,2018-01-13,00:00:00,00:00:00,0.00,0,0,0,0,0,0,0,0,0,"Off Day",,1
200143948,100133019,RD,13,2018-01-14,00:00:00,00:00:00,0.00,0,0,0,0,0,0,0,0,0,"Rest Day",,1
200143948,100133019,,14,2018-01-15,08:48:00,18:35:00,09.47,0,0,0,0,0,0,0,0,0,"",,1
200143948,100133019,,15,2018-01-16,09:11:00,19:38:00,10.27,0,0,0,0,0,0,0,0,0,"",,1
200143948,100133019,NPL,16,2018-01-17,00:00:00,00:00:00,0.00,0,0,0,0,0,0,0,0,0,"Absent",,1
200143948,100133019,NPL,17,2018-01-18,00:00:00,00:00:00,0.00,0,0,0,0,0,0,0,0,0,"Absent",,1
200143948,100133019,,18,2018-01-19,08:57:00,17:50:00,08.53,0,0,0,0,0,0,0,0,0,"",,1
200143948,100133019,OD,19,2018-01-20,00:00:00,00:00:00,0.00,0,0,0,0,0,0,0,0,0,"Off Day",,1
200143948,100133019,RD,20,2018-01-21,00:00:00,00:00:00,0.00,0,0,0,0,0,0,0,0,0,"Rest Day",,1
200143948,100133019,,21,2018-01-22,08:43:00,17:42:00,08.59,0,0,0,0,0,0,0,0,0,"",,1
200143948,100133019,,22,2018-01-23,08:49:00,18:05:00,09.16,0,0,0,0,0,0,0,0,0,"",,1
200143948,100133019,,23,2018-01-24,07:36:00,16:41:00,09.05,0,0,0,0,0,0,0,0,0,"",,1
200143948,100133019,,24,2018-01-25,09:08:00,18:00:00,08.52,0,0,0,0,0,0,0,0,0,"",,1
200143948,100133019,,25,2018-01-26,09:12:00,18:16:00,09.04,0,0,0,0,0,0,0,0,0,"",,1
200143948,100133019,OD,26,2018-01-27,00:00:00,00:00:00,0.00,0,0,0,0,0,0,0,0,0,"Off Day",,1
200143948,100133019,RD,27,2018-01-28,00:00:00,00:00:00,0.00,0,0,0,0,0,0,0,0,0,"Rest Day",,1
200143948,100133019,,28,2018-01-29,08:05:00,17:22:00,09.17,0,0,0,0,0,0,0,0,0,"",,1
200143948,100133019,,29,2018-01-30,08:28:00,18:01:00,09.33,0,0,0,0,0,0,0,0,0,"",,1
200143948,100133019,NPL,30,2018-01-31,00:00:00,00:00:00,0.00,0,0,0,0,0,0,0,0,0,"Thaipusam",,1
200140076,100130728,NPL,0,2018-01-01,00:00:00,00:00:00,0.00,0,0,0,0,0,0,0,0,0,"New Year Day",,1
200140076,100130728,,1,2018-01-02,08:29:00,17:52:00,09.23,0,0,0,0,0,0,0,0,0,"",,1
200140076,100130728,,2,2018-01-03,08:33:00,17:50:00,09.17,0,0,0,0,0,0,0,0,0,"",,1
200140076,100130728,,3,2018-01-04,08:38:00,18:00:00,09.22,0,0,0,0,0,0,0,0,0,"",,1
200140076,100130728,,4,2018-01-05,09:28:00,13:15:00,03.47,0,0,0,0,0,0,0,0,0,"",,1
200140076,100130728,OD,5,2018-01-06,00:00:00,00:00:00,0.00,0,0,0,0,0,0,0,0,0,"Off Day",,1
200140076,100130728,RD,6,2018-01-07,00:00:00,00:00:00,0.00,0,0,0,0,0,0,0,0,0,"Rest Day",,1
200140076,100130728,,7,2018-01-08,09:26:00,18:32:00,09.06,0,0,0,0,0,0,0,0,0,"",,1
200140076,100130728,,8,2018-01-09,09:28:00,18:38:00,09.10,0,0,0,0,0,0,0,0,0,"",,1
200140076,100130728,,9,2018-01-10,09:30:00,18:32:00,09.02,0,0,0,0,0,0,0,0,0,"",,1
200140076,100130728,,10,2018-01-11,09:31:00,18:45:00,09.14,0,0,0,0,0,0,0,0,0,"",,1
200140076,100130728,,11,2018-01-12,09:31:00,18:52:00,09.21,0,0,0,0,0,0,0,0,0,"",,1
200140076,100130728,OD,12,2018-01-13,00:00:00,00:00:00,0.00,0,0,0,0,0,0,0,0,0,"Off Day",,1
200140076,100130728,RD,13,2018-01-14,00:00:00,00:00:00,0.00,0,0,0,0,0,0,0,0,0,"Rest Day",,1
200140076,100130728,NPL,14,2018-01-15,00:00:00,00:00:00,0.00,0,0,0,0,0,0,0,0,0,"Absent",,1
200140076,100130728,,15,2018-01-16,09:29:00,18:40:00,09.11,0,0,0,0,0,0,0,0,0,"",,1
200140076,100130728,,16,2018-01-17,09:30:00,18:36:00,09.06,0,0,0,0,0,0,0,0,0,"",,1
200140076,100130728,,17,2018-01-18,09:30:00,19:02:00,09.32,0,0,0,0,0,0,0,0,0,"",,1
200140076,100130728,,18,2018-01-19,09:31:00,18:38:00,09.07,0,0,0,0,0,0,0,0,0,"",,1
200140076,100130728,OD,19,2018-01-20,00:00:00,00:00:00,0.00,0,0,0,0,0,0,0,0,0,"Off Day",,1
200140076,100130728,RD,20,2018-01-21,00:00:00,00:00:00,0.00,0,0,0,0,0,0,0,0,0,"Rest Day",,1
200140076,100130728,,21,2018-01-22,08:23:00,17:32:00,09.09,0,0,0,0,0,0,0,0,0,"",,1
200140076,100130728,NPL,22,2018-01-23,00:00:00,00:00:00,0.00,0,0,0,0,0,0,0,0,0,"Absent",,1
200140076,100130728,,23,2018-01-24,09:30:00,18:39:00,09.09,0,0,0,0,0,0,0,0,0,"",,1
200140076,100130728,,24,2018-01-25,09:29:00,18:38:00,09.09,0,0,0,0,0,0,0,0,0,"",,1
200140076,100130728,,25,2018-01-26,09:30:00,18:42:00,09.12,0,0,0,0,0,0,0,0,0,"",,1
200140076,100130728,OD,26,2018-01-27,00:00:00,00:00:00,0.00,0,0,0,0,0,0,0,0,0,"Off Day",,1
200140076,100130728,RD,27,2018-01-28,00:00:00,00:00:00,0.00,0,0,0,0,0,0,0,0,0,"Rest Day",,1
200140076,100130728,,28,2018-01-29,09:31:00,19:04:00,09.33,0,0,0,0,0,0,0,0,0,"",,1
200140076,100130728,,29,2018-01-30,09:29:00,18:38:00,09.09,0,0,0,0,0,0,0,0,0,"",,1
200140076,100130728,NPL,30,2018-01-31,00:00:00,00:00:00,0.00,0,0,0,0,0,0,0,0,0,"Thaipusam",,1
200140165,100130744,NPL,0,2018-01-01,00:00:00,00:00:00,0.00,0,0,0,0,0,0,0,0,0,"New Year Day",,1
200140165,100130744,,1,2018-01-02,08:01:00,18:32:00,10.31,0,0,0,0,0,0,0,0,0,"",,1
200140165,100130744,,2,2018-01-03,08:55:00,17:56:00,09.01,0,0,0,0,0,0,0,0,0,"",,1
200140165,100130744,,3,2018-01-04,07:42:00,16:49:00,09.07,0,0,0,0,0,0,0,0,0,"",,1
200140165,100130744,NPL,4,2018-01-05,00:00:00,00:00:00,0.00,0,0,0,0,0,0,0,0,0,"Absent",,1
200140165,100130744,OD,5,2018-01-06,00:00:00,00:00:00,0.00,0,0,0,0,0,0,0,0,0,"Off Day",,1
200140165,100130744,RD,6,2018-01-07,00:00:00,00:00:00,0.00,0,0,0,0,0,0,0,0,0,"Rest Day",,1
200140165,100130744,,7,2018-01-08,08:34:00,19:17:00,10.43,0,0,0,0,0,0,0,0,0,"",,1
200140165,100130744,,8,2018-01-09,08:28:00,17:37:00,09.09,0,0,0,0,0,0,0,0,0,"",,1
200140165,100130744,,9,2018-01-10,08:05:00,17:13:00,09.08,0,0,0,0,0,0,0,0,0,"",,1
200140165,100130744,,10,2018-01-11,08:21:00,17:43:00,09.22,0,0,0,0,0,0,0,0,0,"",,1
200140165,100130744,,11,2018-01-12,12:46:00,17:56:00,05.10,0,0,0,0,0,0,0,0,0,"",,1
200140165,100130744,OD,12,2018-01-13,00:00:00,00:00:00,0.00,0,0,0,0,0,0,0,0,0,"Off Day",,1
200140165,100130744,RD,13,2018-01-14,00:00:00,00:00:00,0.00,0,0,0,0,0,0,0,0,0,"Rest Day",,1
200140165,100130744,,14,2018-01-15,08:31:00,19:04:00,10.33,0,0,0,0,0,0,0,0,0,"",,1
200140165,100130744,,15,2018-01-16,08:28:00,19:45:00,11.17,0,0,0,0,0,0,0,0,0,"",,1
200140165,100130744,,16,2018-01-17,08:31:00,18:49:00,10.18,0,0,0,0,0,0,0,0,0,"",,1
200140165,100130744,,17,2018-01-18,08:31:00,17:32:00,09.01,0,0,0,0,0,0,0,0,0,"",,1
200140165,100130744,,18,2018-01-19,08:32:00,19:04:00,10.32,0,0,0,0,0,0,0,0,0,"",,1
200140165,100130744,OD,19,2018-01-20,00:00:00,00:00:00,0.00,0,0,0,0,0,0,0,0,0,"Off Day",,1
200140165,100130744,RD,20,2018-01-21,00:00:00,00:00:00,0.00,0,0,0,0,0,0,0,0,0,"Rest Day",,1
200140165,100130744,,21,2018-01-22,08:35:00,19:08:00,10.33,0,0,0,0,0,0,0,0,0,"",,1
200140165,100130744,,22,2018-01-23,08:36:00,19:10:00,10.34,0,0,0,0,0,0,0,0,0,"",,1
200140165,100130744,,23,2018-01-24,08:34:00,19:20:00,10.46,0,0,0,0,0,0,0,0,0,"",,1
200140165,100130744,,24,2018-01-25,08:28:00,19:00:00,10.32,0,0,0,0,0,0,0,0,0,"",,1
200140165,100130744,,25,2018-01-26,08:18:00,18:52:00,10.34,0,0,0,0,0,0,0,0,0,"",,1
200140165,100130744,OD,26,2018-01-27,09:20:00,18:27:00,09.07,0,0,0,0,0,0,0,0,0,"Off Day",,1
200140165,100130744,RD,27,2018-01-28,00:00:00,00:00:00,0.00,0,0,0,0,0,0,0,0,0,"Rest Day",,1
200140165,100130744,,28,2018-01-29,08:42:00,17:45:00,09.03,0,0,0,0,0,0,0,0,0,"",,1
200140165,100130744,,29,2018-01-30,08:29:00,19:03:00,10.34,0,0,0,0,0,0,0,0,0,"",,1
200140165,100130744,NPL,30,2018-01-31,00:00:00,00:00:00,0.00,0,0,0,0,0,0,0,0,0,"Thaipusam",,1
200141528,100131167,NPL,0,2018-01-01,00:00:00,00:00:00,0.00,0,0,0,0,0,0,0,0,0,"New Year Day",,1
200141528,100131167,,1,2018-01-02,08:18:00,17:44:00,09.26,0,0,0,0,0,0,0,0,0,"",,1
200141528,100131167,,2,2018-01-03,08:33:00,17:43:00,09.10,0,0,0,0,0,0,0,0,0,"",,1
200141528,100131167,,3,2018-01-04,08:42:00,17:45:00,09.03,0,0,0,0,0,0,0,0,0,"",,1
200141528,100131167,,4,2018-01-05,08:27:00,13:04:00,04.37,0,0,0,0,0,0,0,0,0,"",,1
200141528,100131167,OD,5,2018-01-06,00:00:00,00:00:00,0.00,0,0,0,0,0,0,0,0,0,"Off Day",,1
200141528,100131167,RD,6,2018-01-07,00:00:00,00:00:00,0.00,0,0,0,0,0,0,0,0,0,"Rest Day",,1
200141528,100131167,,7,2018-01-08,08:30:00,17:42:00,09.12,0,0,0,0,0,0,0,0,0,"",,1
200141528,100131167,,8,2018-01-09,08:27:00,17:52:00,09.25,0,0,0,0,0,0,0,0,0,"",,1
200141528,100131167,,9,2018-01-10,08:19:00,17:40:00,09.21,0,0,0,0,0,0,0,0,0,"",,1
200141528,100131167,,10,2018-01-11,08:29:00,17:45:00,09.16,0,0,0,0,0,0,0,0,0,"",,1
200141528,100131167,,11,2018-01-12,08:33:00,19:56:00,11.23,0,0,0,0,0,0,0,0,0,"",,1
200141528,100131167,OD,12,2018-01-13,00:00:00,00:00:00,0.00,0,0,0,0,0,0,0,0,0,"Off Day",,1
200141528,100131167,RD,13,2018-01-14,00:00:00,00:00:00,0.00,0,0,0,0,0,0,0,0,0,"Rest Day",,1
200141528,100131167,,14,2018-01-15,08:18:00,17:43:00,09.25,0,0,0,0,0,0,0,0,0,"",,1
200141528,100131167,,15,2018-01-16,08:32:00,17:44:00,09.12,0,0,0,0,0,0,0,0,0,"",,1
200141528,100131167,,16,2018-01-17,08:33:00,17:40:00,09.07,0,0,0,0,0,0,0,0,0,"",,1
200141528,100131167,,17,2018-01-18,08:38:00,17:44:00,09.06,0,0,0,0,0,0,0,0,0,"",,1
200141528,100131167,,18,2018-01-19,08:30:00,17:37:00,09.07,0,0,0,0,0,0,0,0,0,"",,1
200141528,100131167,OD,19,2018-01-20,00:00:00,00:00:00,0.00,0,0,0,0,0,0,0,0,0,"Off Day",,1
200141528,100131167,RD,20,2018-01-21,00:00:00,00:00:00,0.00,0,0,0,0,0,0,0,0,0,"Rest Day",,1
200141528,100131167,,21,2018-01-22,08:44:00,17:40:00,08.56,0,0,0,0,0,0,0,0,0,"",,1
200141528,100131167,NPL,22,2018-01-23,00:00:00,00:00:00,0.00,0,0,0,0,0,0,0,0,0,"Absent",,1
200141528,100131167,,23,2018-01-24,08:36:00,17:42:00,09.06,0,0,0,0,0,0,0,0,0,"",,1
200141528,100131167,,24,2018-01-25,08:50:00,17:56:00,09.06,0,0,0,0,0,0,0,0,0,"",,1
200141528,100131167,,25,2018-01-26,08:28:00,17:36:00,09.08,0,0,0,0,0,0,0,0,0,"",,1
200141528,100131167,OD,26,2018-01-27,00:00:00,00:00:00,0.00,0,0,0,0,0,0,0,0,0,"Off Day",,1
200141528,100131167,RD,27,2018-01-28,00:00:00,00:00:00,0.00,0,0,0,0,0,0,0,0,0,"Rest Day",,1
200141528,100131167,NPL,28,2018-01-29,00:00:00,00:00:00,0.00,0,0,0,0,0,0,0,0,0,"Absent",,1
200141528,100131167,NPL,29,2018-01-30,00:00:00,00:00:00,0.00,0,0,0,0,0,0,0,0,0,"Absent",,1
200141528,100131167,NPL,30,2018-01-31,00:00:00,00:00:00,0.00,0,0,0,0,0,0,0,0,0,"Thaipusam",,1
